Method,AddedFactor,Metric,Deterioration
DAS,Bandwidth,SI_NRMSE,0.253476530508738
DAS,Finite aperture,SI_NRMSE,0.00102500063069599
DAS,Heterogeneity,SI_NRMSE,0.019181971388637
DAS,Attenuation,SI_NRMSE,-0.00970853256452497
DAS,Noise,SI_NRMSE,0.00202267454460703
CF-DAS,Bandwidth,SI_NRMSE,0.382523458473351
CF-DAS,Finite aperture,SI_NRMSE,0.00154807752888997
CF-DAS,Heterogeneity,SI_NRMSE,0.0125198838874261
CF-DAS,Attenuation,SI_NRMSE,-0.00269760108274408
CF-DAS,Noise,SI_NRMSE,0.000285755239121999
SCF-DAS,Bandwidth,SI_NRMSE,0.201034116658931
SCF-DAS,Finite aperture,SI_NRMSE,0.00202493851998498
SCF-DAS,Heterogeneity,SI_NRMSE,0.0148464030287501
SCF-DAS,Attenuation,SI_NRMSE,-0.00159336481850603
SCF-DAS,Noise,SI_NRMSE,-0.000435878989335059
DMAS,Bandwidth,SI_NRMSE,0.307530218786448
DMAS,Finite aperture,SI_NRMSE,0.000553059816591039
DMAS,Heterogeneity,SI_NRMSE,0.029719546875413
DMAS,Attenuation,SI_NRMSE,0.00848128511087798
DMAS,Noise,SI_NRMSE,0.00272018800114904
DS-DMAS,Bandwidth,SI_NRMSE,0.244835691014777
DS-DMAS,Finite aperture,SI_NRMSE,0.000654137368528929
DS-DMAS,Heterogeneity,SI_NRMSE,0.01651408943195
DS-DMAS,Attenuation,SI_NRMSE,0.00110002380421703
DS-DMAS,Noise,SI_NRMSE,0.00213091559353396
TR,Bandwidth,SI_NRMSE,0.509763424746753
TR,Finite aperture,SI_NRMSE,0.000679143528336978
TR,Heterogeneity,SI_NRMSE,0.000780956182785952
TR,Attenuation,SI_NRMSE,-0.00436903727431304
TR,Noise,SI_NRMSE,8.72082333203128e-06
DAS,Bandwidth,Correlation,0.177216319195886
DAS,Finite aperture,Correlation,0.00102200684742493
DAS,Heterogeneity,Correlation,0.021273737851636
DAS,Attenuation,Correlation,-0.00946245399612899
DAS,Noise,Correlation,0.00100009519289401
CF-DAS,Bandwidth,Correlation,0.326944894124655
CF-DAS,Finite aperture,Correlation,0.00232169962599704
CF-DAS,Heterogeneity,Correlation,0.021056750827904
CF-DAS,Attenuation,Correlation,-0.00323429594178704
CF-DAS,Noise,Correlation,0.000384768769968957
SCF-DAS,Bandwidth,Correlation,0.30957005547034
SCF-DAS,Finite aperture,Correlation,0.00537249173037702
SCF-DAS,Heterogeneity,Correlation,0.044585691672093
SCF-DAS,Attenuation,Correlation,-0.00418666730470096
SCF-DAS,Noise,Correlation,-0.001736758717855
DMAS,Bandwidth,Correlation,0.299054718197661
DMAS,Finite aperture,Correlation,0.000814971710694001
DMAS,Heterogeneity,Correlation,0.039797117050127
DMAS,Attenuation,Correlation,0.011057650189672
DMAS,Noise,Correlation,-0.00290726357670401
DS-DMAS,Bandwidth,Correlation,0.338683491035242
DS-DMAS,Finite aperture,Correlation,0.00124338778709199
DS-DMAS,Heterogeneity,Correlation,0.035536611600246
DS-DMAS,Attenuation,Correlation,0.003185275646096
DS-DMAS,Noise,Correlation,0.00446895657877
TR,Bandwidth,Correlation,0.304764641629194
TR,Finite aperture,Correlation,0.00079705295552901
TR,Heterogeneity,Correlation,0.00108915421006694
TR,Attenuation,Correlation,-0.00496633491819598
TR,Noise,Correlation,2.43041117420351e-05
DAS,Bandwidth,SSIM,-0.115097745667143
DAS,Finite aperture,SSIM,-0.001127644126653
DAS,Heterogeneity,SSIM,0.010768339550299
DAS,Attenuation,SSIM,0.00529351474039408
DAS,Noise,SSIM,0.0199307539899479
CF-DAS,Bandwidth,SSIM,0.049820778294638
CF-DAS,Finite aperture,SSIM,-1.50943455630159e-05
CF-DAS,Heterogeneity,SSIM,4.1572320172989e-05
CF-DAS,Attenuation,SSIM,3.60520589279822e-05
CF-DAS,Noise,SSIM,0.00016574757767307
SCF-DAS,Bandwidth,SSIM,0.011028474929899
SCF-DAS,Finite aperture,SSIM,-0.00247792829290094
SCF-DAS,Heterogeneity,SSIM,-0.005482387586212
SCF-DAS,Attenuation,SSIM,0.00497964890242097
SCF-DAS,Noise,SSIM,-0.028129586140728
DMAS,Bandwidth,SSIM,-0.375103583029419
DMAS,Finite aperture,SSIM,-0.00188874798059102
DMAS,Heterogeneity,SSIM,0.032400595639994
DMAS,Attenuation,SSIM,0.026019107783824
DMAS,Noise,SSIM,0.105408536271398
DS-DMAS,Bandwidth,SSIM,-0.512779000937515
DS-DMAS,Finite aperture,SSIM,-0.00105243363214402
DS-DMAS,Heterogeneity,SSIM,0.002549209138484
DS-DMAS,Attenuation,SSIM,0.011534570291474
DS-DMAS,Noise,SSIM,-0.011249039847434
TR,Bandwidth,SSIM,0.073425322684424
TR,Finite aperture,SSIM,-5.05998227630089e-05
TR,Heterogeneity,SSIM,0.000330283773461004
TR,Attenuation,SSIM,0.00490695966475296
TR,Noise,SSIM,0.00161184726425101
DAS,Bandwidth,CNR,1.12553895789888
DAS,Finite aperture,CNR,0.01642199856278
DAS,Heterogeneity,CNR,0.28708040672369
DAS,Attenuation,CNR,0.02449965995532
DAS,Noise,CNR,0.00217662380563999
CF-DAS,Bandwidth,CNR,0.725439099048239
CF-DAS,Finite aperture,CNR,0.00876381541670601
CF-DAS,Heterogeneity,CNR,0.168010560011454
CF-DAS,Attenuation,CNR,0.0320513648890149
CF-DAS,Noise,CNR,0.0010843645190981
SCF-DAS,Bandwidth,CNR,0.413553124391785
SCF-DAS,Finite aperture,CNR,0.00796530677109197
SCF-DAS,Heterogeneity,CNR,0.092748242777123
SCF-DAS,Attenuation,CNR,0.00923865108774602
SCF-DAS,Noise,CNR,-0.00818797598161303
DMAS,Bandwidth,CNR,0.556516292771413
DMAS,Finite aperture,CNR,0.00435113062412407
DMAS,Heterogeneity,CNR,0.202809444929702
DMAS,Attenuation,CNR,0.051868084882286
DMAS,Noise,CNR,-0.00958598129083499
DS-DMAS,Bandwidth,CNR,0.453989535248224
DS-DMAS,Finite aperture,CNR,0.00332774856704399
DS-DMAS,Heterogeneity,CNR,0.119115512806177
DS-DMAS,Attenuation,CNR,0.020848668490019
DS-DMAS,Noise,CNR,-0.00207103560156702
TR,Bandwidth,CNR,1.28110083356937
TR,Finite aperture,CNR,0.0147554336795199
TR,Heterogeneity,CNR,-0.00187371359027999
TR,Attenuation,CNR,-0.0256109569060501
TR,Noise,CNR,0.00145501175807006
DAS,Bandwidth,SBR_dB,5.3201675726919
DAS,Finite aperture,SBR_dB,-0.0144264553029991
DAS,Heterogeneity,SBR_dB,-0.440272261624301
DAS,Attenuation,SBR_dB,-0.332781006566599
DAS,Noise,SBR_dB,0.0551281582099001
CF-DAS,Bandwidth,SBR_dB,12.5132784347676
CF-DAS,Finite aperture,SBR_dB,-0.015582234243201
CF-DAS,Heterogeneity,SBR_dB,-2.5047337982057
CF-DAS,Attenuation,SBR_dB,-1.3743352548732
CF-DAS,Noise,SBR_dB,0.00333407417799947
SCF-DAS,Bandwidth,SBR_dB,12.2211115626207
SCF-DAS,Finite aperture,SBR_dB,-0.0875751553890005
SCF-DAS,Heterogeneity,SBR_dB,-2.2449016504006
SCF-DAS,Attenuation,SBR_dB,-1.0531120756474
SCF-DAS,Noise,SBR_dB,0.551711587563201
DMAS,Bandwidth,SBR_dB,8.5011096146664
DMAS,Finite aperture,SBR_dB,0.0102517675403995
DMAS,Heterogeneity,SBR_dB,-0.9990857508994
DMAS,Attenuation,SBR_dB,-0.545038863746001
DMAS,Noise,SBR_dB,0.213577825424501
DS-DMAS,Bandwidth,SBR_dB,6.0446348251664
DS-DMAS,Finite aperture,SBR_dB,0.00362542055789916
DS-DMAS,Heterogeneity,SBR_dB,-0.730367780855099
DS-DMAS,Attenuation,SBR_dB,-0.350960095467101
DS-DMAS,Noise,SBR_dB,0.266734186410201
TR,Bandwidth,SBR_dB,13.5749215878271
TR,Finite aperture,SBR_dB,-0.0198281561588001
TR,Heterogeneity,SBR_dB,0.0584769877221998
TR,Attenuation,SBR_dB,0.00793919279339939
TR,Noise,SBR_dB,-0.00393822190119941
