StageIndex,Stage,StageLabel,Method,Raw_NRMSE,SI_NRMSE,Correlation,SSIM,CNR,SBR_dB,ScaleFactor,Signal_RMS,Background_RMS,ZeroBackground,Runtime_s,RuntimeDefinition,ReconSoundSpeedModel,FiniteApertureTreatment
0,D0_ideal,Ideal,DAS,0.913566425806744,0.460156901486893,0.888503874748292,0.701628666143171,2.73742461798937,21.4729338982419,9.00231148581922,0.048646610373824,0.00410587657158294,0,0.0503135,shared_delay_plus_method_weighting,scalar_c_1500,physical_element_centres
0,D0_ideal,Ideal,CF-DAS,0.97561603473775,0.449771235339411,0.888483943453322,0.93394596721731,1.47321993276747,28.890472744651,32.6103508333487,0.0151981701688244,0.000546094327814356,0,0.0507379,shared_delay_plus_method_weighting,scalar_c_1500,physical_element_centres
0,D0_ideal,Ideal,SCF-DAS,0.996193667832562,0.732849381225136,0.670871638685745,0.871494979281468,0.796685242137217,30.6820312652062,121.351327226407,0.00313760723524256,9.17269629794441e-05,0,0.0704169,shared_delay_plus_method_weighting,scalar_c_1500,physical_element_centres
0,D0_ideal,Ideal,DMAS,0.967189550409718,0.514666912128891,0.859957475278712,0.323030337788534,1.42426129834722,24.0516710295344,22.2671995948428,0.020480742404819,0.00128458292161053,0,0.102646,shared_delay_plus_method_weighting,scalar_c_1500,physical_element_centres
0,D0_ideal,Ideal,DS-DMAS,0.981718008921616,0.655275503208042,0.755520467891389,0.357806557721812,1.06740691640569,20.0011377642987,30.9915491305946,0.0122921519042008,0.00122905418612178,0,1.564606,shared_delay_plus_method_weighting,scalar_c_1500,physical_element_centres
0,D0_ideal,Ideal,TR,0.257196227643175,0.25038882185446,0.967237618188721,0.845639987497359,2.80615152047754,28.6673440557483,1.06464096563507,0.496823587309511,0.0183161842462188,0,16.9805884,actual_TR_wall_time,recorded_c_rho_maps,point_receiver_coordinates
1,D1_bandwidth,+ Bandwidth,DAS,0.984337190498452,0.713633431995631,0.711287555552406,0.816726411810314,1.61188566009049,16.15276632555,31.0698567994709,0.00995473890751649,0.0015502136533604,0,0.0501543,shared_delay_plus_method_weighting,scalar_c_1500,physical_element_centres
1,D1_bandwidth,+ Bandwidth,CF-DAS,0.998679899389593,0.832294693812762,0.561539049328667,0.884125188922672,0.747780833719231,16.3771943098834,232.42700202972,0.00109693006739542,0.000166463578065862,0,0.0503191,shared_delay_plus_method_weighting,scalar_c_1500,physical_element_centres
1,D1_bandwidth,+ Bandwidth,SCF-DAS,0.999834201379171,0.933883497884067,0.361301583215405,0.860466504351569,0.383132117745432,18.4609197025855,770.749835763965,0.000228670848583599,2.73001364853881e-05,0,0.0676161,shared_delay_plus_method_weighting,scalar_c_1500,physical_element_centres
1,D1_bandwidth,+ Bandwidth,DMAS,0.997259071393215,0.822197130915339,0.560902757081051,0.698133920817953,0.867745005575807,15.550561414868,117.865238446281,0.00208709563741313,0.000348348768507657,0,0.0887881,shared_delay_plus_method_weighting,scalar_c_1500,physical_element_centres
1,D1_bandwidth,+ Bandwidth,DS-DMAS,0.998974801578273,0.900111194222819,0.416836976856147,0.870585558659327,0.613417381157466,13.9565029391323,184.728326486145,0.000924590572612598,0.000185406226075971,0,1.5506827,shared_delay_plus_method_weighting,scalar_c_1500,physical_element_centres
1,D1_bandwidth,+ Bandwidth,TR,0.804829108802316,0.760152246601213,0.662472976559527,0.772214664812935,1.52505068690817,15.0924224679212,1.68623022001054,0.16097656674304,0.0283231490134371,0,16.7981667,actual_TR_wall_time,recorded_c_rho_maps,point_receiver_coordinates
2,D2_finite_aperture,+ Finite aperture,DAS,0.984215249525956,0.714658432626327,0.710265548704981,0.817854055936967,1.59546366152771,16.167192780853,30.7342582343724,0.0100553782350549,0.00156328720114696,0,0.0669228,shared_delay_plus_method_weighting,scalar_c_1500,physical_element_centres
2,D2_finite_aperture,+ Finite aperture,CF-DAS,0.998659976599208,0.833842771341652,0.55921734970267,0.884140283268235,0.739017018302525,16.3927765441266,227.040091709154,0.00111890891710463,0.000169494616142366,0,0.06707,shared_delay_plus_method_weighting,scalar_c_1500,physical_element_centres
2,D2_finite_aperture,+ Finite aperture,SCF-DAS,0.999831256662564,0.935908436404052,0.355929091485028,0.86294443264447,0.37516681097434,18.5484948579745,734.85235487414,0.00023686712610687,2.79949726739297e-05,0,0.1032458,shared_delay_plus_method_weighting,scalar_c_1500,physical_element_centres
2,D2_finite_aperture,+ Finite aperture,DMAS,0.997229300105235,0.82275019073193,0.560087785370357,0.700022668798544,0.863393874951683,15.5403096473276,116.266288399339,0.00211122336851539,0.000352791978513931,0,0.1228303,shared_delay_plus_method_weighting,scalar_c_1500,physical_element_centres
2,D2_finite_aperture,+ Finite aperture,DS-DMAS,0.998961299605371,0.900765331591348,0.415593589069055,0.871637992291471,0.610089632590422,13.9528775185744,181.187032088628,0.000939143778008681,0.000188403171671311,0,1.8167922,shared_delay_plus_method_weighting,scalar_c_1500,physical_element_centres
2,D2_finite_aperture,+ Finite aperture,TR,0.804109861145523,0.76083139012955,0.661675923603998,0.772265264635698,1.51029525322865,15.11225062408,1.66952532662948,0.162545860483468,0.0285340476858048,0,25.8828627,actual_TR_wall_time,recorded_c_rho_maps,equivalent_element_centres
3,D3_heterogeneity,+ Heterogeneity,DAS,0.986788524211162,0.733840404014964,0.688991810853345,0.807085716386668,1.30838325480402,16.6074650424773,34.6550607955611,0.00881251839384893,0.00130234721109095,0,0.0706806,shared_delay_plus_method_weighting,scalar_c_1500,physical_element_centres
3,D3_heterogeneity,+ Heterogeneity,CF-DAS,0.998977431554666,0.846362655229078,0.538160598874766,0.884098710948062,0.571006458291071,18.8975103423323,277.050557179794,0.00097019961570573,0.000110150273834909,0,0.0711553,shared_delay_plus_method_weighting,scalar_c_1500,physical_element_centres
3,D3_heterogeneity,+ Heterogeneity,SCF-DAS,0.999858211774797,0.950754839432802,0.311343399812935,0.868426820230682,0.282418568197217,20.7933965083751,677.073851479795,0.000239300097615617,2.18410267291914e-05,0,0.090543,shared_delay_plus_method_weighting,scalar_c_1500,physical_element_centres
3,D3_heterogeneity,+ Heterogeneity,DMAS,0.997919904384968,0.852469737607343,0.52029066832023,0.66762207315855,0.660584430021981,16.539395398227,131.020828380271,0.00179325974357539,0.000267099717887402,0,0.109443,shared_delay_plus_method_weighting,scalar_c_1500,physical_element_centres
3,D3_heterogeneity,+ Heterogeneity,DS-DMAS,0.999199849596914,0.917279421023298,0.380056977468809,0.869088783152987,0.490974119784245,14.6832452994295,197.788879103904,0.000814809309477177,0.000150277415490784,0,1.8710361,shared_delay_plus_method_weighting,scalar_c_1500,physical_element_centres
3,D3_heterogeneity,+ Heterogeneity,TR,0.805078828540675,0.761612346312336,0.660586769393931,0.771934980862237,1.51216896681893,15.0537736363578,1.67417526459083,0.161315586891132,0.0285093719899412,0,26.0552833,actual_TR_wall_time,recorded_c_rho_maps,equivalent_element_centres
4,D4_attenuation,+ Attenuation,DAS,0.988813292541492,0.724131871450439,0.698454264849474,0.801792201646274,1.2838835948487,16.9402460490439,42.250862807543,0.00745629538038792,0.00106050031479372,0,0.0657057,shared_delay_plus_method_weighting,scalar_c_1500,physical_element_centres
4,D4_attenuation,+ Attenuation,CF-DAS,0.999236959908297,0.843665054146334,0.541394894816553,0.884062658889134,0.538955093402056,20.2718455972055,377.381556434897,0.000746664631775935,7.23657887686668e-05,0,0.0658636,shared_delay_plus_method_weighting,scalar_c_1500,physical_element_centres
4,D4_attenuation,+ Attenuation,SCF-DAS,0.999883445933416,0.949161474614296,0.315530067117636,0.863447171328261,0.273179917109471,21.8465085840225,849.734048912449,0.000198931943258807,1.6083445650889e-05,0,0.0854664,shared_delay_plus_method_weighting,scalar_c_1500,physical_element_centres
4,D4_attenuation,+ Attenuation,DMAS,0.998426568305084,0.860951022718221,0.509233018130558,0.641602965374726,0.608716345139695,17.084434261973,164.085896050991,0.00142838936941205,0.000199813531809268,0,0.108023,shared_delay_plus_method_weighting,scalar_c_1500,physical_element_centres
4,D4_attenuation,+ Attenuation,DS-DMAS,0.999370518415699,0.918379444827515,0.376871701822713,0.857554212861513,0.470125451294226,15.0342053948966,248.32039694625,0.000655551017219018,0.000116117112029839,0,2.1193754,shared_delay_plus_method_weighting,scalar_c_1500,physical_element_centres
4,D4_attenuation,+ Attenuation,TR,0.817631550914009,0.757243309038023,0.665553104312127,0.767028021197484,1.53777992372498,15.0458344435644,1.89454654971608,0.143785654742539,0.0254345370508112,0,26.7450858,actual_TR_wall_time,recorded_c_rho_maps,equivalent_element_centres
5,D5_noise,+ Noise,DAS,0.988840486701654,0.726154545995046,0.69745416965658,0.781861447656326,1.28170697104306,16.885117890834,42.090104993,0.00744535906834819,0.00106568720820944,0,0.0670032,shared_delay_plus_method_weighting,scalar_c_1500,physical_element_centres
5,D5_noise,+ Noise,CF-DAS,0.999239586668773,0.843950809385456,0.541010126046584,0.883896911311461,0.537870728882958,20.2685115230275,378.051980813261,0.000744676986590747,7.22008576621163e-05,0,0.0671441,shared_delay_plus_method_weighting,scalar_c_1500,physical_element_centres
5,D5_noise,+ Noise,SCF-DAS,0.999901256918206,0.948725595624961,0.317266825835491,0.891576757468989,0.281367893091084,21.2947969964593,1011.46611861009,0.000165385391394851,1.4248111187315e-05,0,0.0884356,shared_delay_plus_method_weighting,scalar_c_1500,physical_element_centres
5,D5_noise,+ Noise,DMAS,0.998451683811417,0.86367121071937,0.512140281707262,0.536194429103328,0.61830232643053,16.8708564365485,163.721309875829,0.00140653399754246,0.0002016542651863,0,0.1092257,shared_delay_plus_method_weighting,scalar_c_1500,physical_element_centres
5,D5_noise,+ Noise,DS-DMAS,0.999394274382512,0.920510360421049,0.372402745243943,0.868803252708947,0.472196486895793,14.7674712084864,251.604778362331,0.000629575435904329,0.000114993744087772,0,1.99367,shared_delay_plus_method_weighting,scalar_c_1500,physical_element_centres
5,D5_noise,+ Noise,TR,0.817586032459956,0.757252029861355,0.665528800200385,0.765416173933233,1.53632491196691,15.0497726654656,1.89379201691153,0.143863911902692,0.0254368443231113,0,26.7864121,actual_TR_wall_time,recorded_c_rho_maps,equivalent_element_centres
