SNR_dB,MetricLabel,MethodA,MethodB,MedianDelta_AminusB_Raw,RawMedianCI95_Low,RawMedianCI95_High,RankBiserial,P_Wilcoxon_Raw,P_Wilcoxon_Holm15,PrimaryPairwiseSignificant,Seeds_A_Better,Seeds_B_Better,Seeds_Tied
5,CNR,DAS,SCF-DAS,1.81088880286666,1.78389585307774,1.85061984530066,1,7.55692945586362e-10,1.13353941837954e-08,1,50,0,0
5,CNR,DAS,TR,-0.15375697940881,-0.18178479080755,-0.12329616506454,-0.976470588235294,1.8648014196095e-09,1.13353941837954e-08,1,2,48,0
5,CNR,SCF-DAS,TR,-1.97302586181592,-1.98210080007447,-1.96738161170476,-1,7.55692945586362e-10,1.13353941837954e-08,1,0,50,0
10,CNR,DAS,SCF-DAS,1.82403244342019,1.80292386793054,1.87097765474372,1,7.55692945586362e-10,1.13353941837954e-08,1,50,0,0
10,CNR,DAS,TR,-0.138517580596865,-0.17159084868068,-0.108822208673525,-0.951372549019608,4.77832968196266e-09,1.13353941837954e-08,1,5,45,0
10,CNR,SCF-DAS,TR,-1.97832302112978,-1.98646983863992,-1.96972428353687,-1,7.55692945586362e-10,1.13353941837954e-08,1,0,50,0
15,CNR,DAS,SCF-DAS,1.83117187173729,1.80527938770445,1.86865445511774,1,7.55692945586362e-10,1.13353941837954e-08,1,50,0,0
15,CNR,DAS,TR,-0.13237528422217,-0.16755234577822,-0.10362787359234,-0.941960784313726,6.75946987393381e-09,1.13353941837954e-08,1,6,44,0
15,CNR,SCF-DAS,TR,-1.97514691469428,-1.9855345772917,-1.96559757626327,-1,7.55692945586362e-10,1.13353941837954e-08,1,0,50,0
20,CNR,DAS,SCF-DAS,1.83017000500539,1.8068796455892,1.87245450150451,1,7.55692945586362e-10,1.13353941837954e-08,1,50,0,0
20,CNR,DAS,TR,-0.130452044486325,-0.16825604542587,-0.1017077267649,-0.937254901960784,8.02968346961793e-09,1.13353941837954e-08,1,6,44,0
20,CNR,SCF-DAS,TR,-1.97135436007633,-1.98453887963959,-1.96542331275769,-1,7.55692945586362e-10,1.13353941837954e-08,1,0,50,0
30,CNR,DAS,SCF-DAS,1.82754570032365,1.80411399968667,1.87131491198106,1,7.55692945586362e-10,1.13353941837954e-08,1,50,0,0
30,CNR,DAS,TR,-0.1294287997041,-0.170831963945125,-0.101394963208869,-0.935686274509804,8.50252968209873e-09,1.13353941837954e-08,1,6,44,0
30,CNR,SCF-DAS,TR,-1.96983349767829,-1.98252866785648,-1.96396842733457,-1,7.55692945586362e-10,1.13353941837954e-08,1,0,50,0
5,Correlation,DAS,SCF-DAS,0.404962520338121,0.398657720557839,0.409304856002881,1,7.55692945586362e-10,1.13353941837954e-08,1,50,0,0
5,Correlation,DAS,TR,0.001314199760451,-0.00243732847431399,0.00381994396653151,-0.047843137254902,0.768433166150854,0.768433166150854,0,27,23,0
5,Correlation,SCF-DAS,TR,-0.406677377993356,-0.410872292130855,-0.40144964155067,-1,7.55692945586362e-10,1.13353941837954e-08,1,0,50,0
10,Correlation,DAS,SCF-DAS,0.415552068635668,0.4079370083668,0.420059693983259,1,7.55692945586362e-10,1.13353941837954e-08,1,50,0,0
10,Correlation,DAS,TR,0.0114418782049335,0.00622475400269401,0.013984065991947,0.63921568627451,8.3644324700542e-05,0.000167288649401084,1,40,10,0
10,Correlation,SCF-DAS,TR,-0.405813445955982,-0.411170243639858,-0.403605604438695,-1,7.55692945586362e-10,1.13353941837954e-08,1,0,50,0
15,Correlation,DAS,SCF-DAS,0.415231545764752,0.410045574766357,0.421897764145787,1,7.55692945586362e-10,1.13353941837954e-08,1,50,0,0
15,Correlation,DAS,TR,0.0143589830578466,0.00915901212666304,0.017355532866685,0.825882352941177,3.72595010780613e-07,7.45190021561225e-07,1,41,9,0
15,Correlation,SCF-DAS,TR,-0.404207319302408,-0.409987201853909,-0.400641483151919,-1,7.55692945586362e-10,1.13353941837954e-08,1,0,50,0
20,Correlation,DAS,SCF-DAS,0.416008478196286,0.410657194652396,0.423023218054726,1,7.55692945586362e-10,1.13353941837954e-08,1,50,0,0
20,Correlation,DAS,TR,0.015281141981592,0.0103074660164629,0.0180902521430221,0.866666666666667,9.63712911922851e-08,1.9274258238457e-07,1,41,9,0
20,Correlation,SCF-DAS,TR,-0.403834929643602,-0.408930174451388,-0.397492109986354,-1,7.55692945586362e-10,1.13353941837954e-08,1,0,50,0
30,Correlation,DAS,SCF-DAS,0.414817063775251,0.411369932002162,0.421044480967583,1,7.55692945586362e-10,1.13353941837954e-08,1,50,0,0
30,Correlation,DAS,TR,0.015769522936985,0.010883869013136,0.0186364361172795,0.876078431372549,6.99279291552167e-08,1.39855858310433e-07,1,41,9,0
30,Correlation,SCF-DAS,TR,-0.401853221304606,-0.407777427393315,-0.397928826537162,-1,7.55692945586362e-10,1.13353941837954e-08,1,0,50,0
5,SBR,DAS,SCF-DAS,-14.7592982631326,-15.2607838715778,-14.2650784813914,-1,7.55692945586362e-10,1.13353941837954e-08,1,0,50,0
5,SBR,DAS,TR,0.383462208726099,0.323566861833701,0.443344828929275,0.989019607843137,1.15483346862619e-09,1.13353941837954e-08,1,48,2,0
5,SBR,SCF-DAS,TR,15.0534433517912,14.7013038573391,15.7027175318698,1,7.55692945586362e-10,1.13353941837954e-08,1,50,0,0
10,SBR,DAS,SCF-DAS,-14.3021458969115,-14.6124402741282,-13.7220661119777,-1,7.55692945586362e-10,1.13353941837954e-08,1,0,50,0
10,SBR,DAS,TR,0.688930000231499,0.63619499935105,0.766804624888348,1,7.55692945586362e-10,1.13353941837954e-08,1,50,0,0
10,SBR,SCF-DAS,TR,14.9155908488018,14.4677159071637,15.3969201354819,1,7.55692945586362e-10,1.13353941837954e-08,1,50,0,0
15,SBR,DAS,SCF-DAS,-13.9648021226726,-14.1712652536935,-13.1945610144893,-1,7.55692945586362e-10,1.13353941837954e-08,1,0,50,0
15,SBR,DAS,TR,0.799938787476949,0.7281585834433,0.897592410561099,1,7.55692945586362e-10,1.13353941837954e-08,1,50,0,0
15,SBR,SCF-DAS,TR,14.6639568877661,14.1322950301225,15.071380089859,1,7.55692945586362e-10,1.13353941837954e-08,1,50,0,0
20,SBR,DAS,SCF-DAS,-13.6119001254016,-14.0592701120502,-12.9488305012267,-1,7.55692945586362e-10,1.13353941837954e-08,1,0,50,0
20,SBR,DAS,TR,0.836539476608701,0.7667384996178,0.935140690182132,1,7.55692945586362e-10,1.13353941837954e-08,1,50,0,0
20,SBR,SCF-DAS,TR,14.5570830472308,14.0130477962038,14.9462639344276,1,7.55692945586362e-10,1.13353941837954e-08,1,50,0,0
30,SBR,DAS,SCF-DAS,-13.4469208519539,-13.9234042899404,-12.7506566828527,-1,7.55692945586362e-10,1.13353941837954e-08,1,0,50,0
30,SBR,DAS,TR,0.851964305303598,0.780745791449299,0.958208886979399,1,7.55692945586362e-10,1.13353941837954e-08,1,50,0,0
30,SBR,SCF-DAS,TR,14.3968733254175,13.7569212679056,14.7957368484774,1,7.55692945586362e-10,1.13353941837954e-08,1,50,0,0
5,SI-NRMSE,DAS,SCF-DAS,-0.25120917232862,-0.256121270986709,-0.246563751699602,1,7.55692945586362e-10,1.13353941837954e-08,1,50,0,0
5,SI-NRMSE,DAS,TR,-0.00342112273125755,-0.00628555890763594,0.00104599478293399,0.130980392156863,0.420214729343865,0.840429458687731,0,30,20,0
5,SI-NRMSE,SCF-DAS,TR,0.249136436007836,0.24708862699657,0.2501444559695,-1,7.55692945586362e-10,1.13353941837954e-08,1,0,50,0
10,SI-NRMSE,DAS,SCF-DAS,-0.263532717730188,-0.265856112816904,-0.259164289692339,1,7.55692945586362e-10,1.13353941837954e-08,1,50,0,0
10,SI-NRMSE,DAS,TR,-0.013087760426672,-0.0169297227426905,-0.00930763313396508,0.764705882352941,2.52657520785658e-06,7.57972562356974e-06,1,40,10,0
10,SI-NRMSE,SCF-DAS,TR,0.250462757788524,0.249024408635444,0.251671123563159,-1,7.55692945586362e-10,1.13353941837954e-08,1,0,50,0
15,SI-NRMSE,DAS,SCF-DAS,-0.26719964326315,-0.269891901626413,-0.262708069812081,1,7.55692945586362e-10,1.13353941837954e-08,1,50,0,0
15,SI-NRMSE,DAS,TR,-0.016874171207665,-0.020279330884564,-0.0118944339571321,0.894901960784314,3.64595328735412e-08,1.09378598620623e-07,1,42,8,0
15,SI-NRMSE,SCF-DAS,TR,0.249986809195204,0.247987997518607,0.252013828514172,-1,7.55692945586362e-10,1.13353941837954e-08,1,0,50,0
20,SI-NRMSE,DAS,SCF-DAS,-0.267808005531917,-0.270150835284519,-0.264478132102824,1,7.55692945586362e-10,1.13353941837954e-08,1,50,0,0
20,SI-NRMSE,DAS,TR,-0.0181014391402285,-0.021408070190187,-0.0136312568168,0.915294117647059,1.77422156320191e-08,5.32266468960572e-08,1,43,7,0
20,SI-NRMSE,SCF-DAS,TR,0.249229301224812,0.247849412582455,0.25136900461171,-1,7.55692945586362e-10,1.13353941837954e-08,1,0,50,0
30,SI-NRMSE,DAS,SCF-DAS,-0.268398999239347,-0.270662026239966,-0.264674558228965,1,7.55692945586362e-10,1.13353941837954e-08,1,50,0,0
30,SI-NRMSE,DAS,TR,-0.0186651886620181,-0.0219606262662581,-0.01442339701096,0.92156862745098,1.41716969148695e-08,4.25150907446086e-08,1,44,6,0
30,SI-NRMSE,SCF-DAS,TR,0.249465070349985,0.247262879797149,0.250678872737002,-1,7.55692945586362e-10,1.13353941837954e-08,1,0,50,0
5,SSIM,DAS,SCF-DAS,-0.547717225038673,-0.558871068599011,-0.533179595617687,-1,7.55692945586362e-10,1.13353941837954e-08,1,0,50,0
5,SSIM,DAS,TR,-0.211831588471299,-0.221274016582003,-0.199396163279337,-1,7.55692945586362e-10,1.13353941837954e-08,1,0,50,0
5,SSIM,SCF-DAS,TR,0.335631399378222,0.332818276951366,0.337066736240076,1,7.55692945586362e-10,1.13353941837954e-08,1,50,0,0
10,SSIM,DAS,SCF-DAS,-0.367636108028312,-0.374891870504732,-0.355074505832617,-1,7.55692945586362e-10,1.13353941837954e-08,1,0,50,0
10,SSIM,DAS,TR,-0.0898892496454829,-0.095431941982851,-0.0786474310067092,-1,7.55692945586362e-10,1.13353941837954e-08,1,0,50,0
10,SSIM,SCF-DAS,TR,0.277731624131189,0.275967479828979,0.278499989990993,1,7.55692945586362e-10,1.13353941837954e-08,1,50,0,0
15,SSIM,DAS,SCF-DAS,-0.251234516719017,-0.257640802317767,-0.244668444508658,-1,7.55692945586362e-10,1.13353941837954e-08,1,0,50,0
15,SSIM,DAS,TR,0.00352333555587298,-0.004331125172018,0.00961562188571707,0.0211764705882353,0.896313841068174,0.896313841068174,0,27,23,0
15,SSIM,SCF-DAS,TR,0.253858383288616,0.252007688010665,0.255453414081589,1,7.55692945586362e-10,1.13353941837954e-08,1,50,0,0
20,SSIM,DAS,SCF-DAS,-0.203430859318008,-0.208583788390344,-0.197414305795905,-1,7.55692945586362e-10,1.13353941837954e-08,1,0,50,0
20,SSIM,DAS,TR,0.042614945663399,0.0367520244617839,0.045679275598368,1,7.55692945586362e-10,1.13353941837954e-08,1,50,0,0
20,SSIM,SCF-DAS,TR,0.245454864717585,0.243613272755564,0.247078709299483,1,7.55692945586362e-10,1.13353941837954e-08,1,50,0,0
30,SSIM,DAS,SCF-DAS,-0.181779370682123,-0.185375707312704,-0.177307832275653,-1,7.55692945586362e-10,1.13353941837954e-08,1,0,50,0
30,SSIM,DAS,TR,0.060326387783932,0.057623838685638,0.063129354736424,1,7.55692945586362e-10,1.13353941837954e-08,1,50,0,0
30,SSIM,SCF-DAS,TR,0.24233292342189,0.240535227277234,0.244127077978328,1,7.55692945586362e-10,1.13353941837954e-08,1,50,0,0
