FamilyID,SNR_dB,Metric,MetricLabel,MethodA,MethodB,MedianDelta_AminusB_Raw,RawMedianCI95_Low,RawMedianCI95_High,MedianDelta_Oriented,OrientedMedianCI95_Low,OrientedMedianCI95_High,P_Wilcoxon_Raw,RankBiserial,Seeds_A_Better,Seeds_B_Better,Seeds_Tied,P_Wilcoxon_Holm15,Significant_Holm15,P_Wilcoxon_Holm375,Significant_Holm375,OmnibusSignificant_Holm25,PrimaryPairwiseSignificant
1,5,SI_NRMSE,SI-NRMSE,DAS,CF-DAS,-0.0028431566588365,-0.00915038719077399,0.00463447335737549,0.0028431566588365,-0.00463447335737549,0.00915038719077399,0.264870268605316,0.181176470588235,27,23,0,0.794610805815947,0,1,0,1,0
1,5,SI_NRMSE,SI-NRMSE,DAS,SCF-DAS,-0.25120917232862,-0.256121270986709,-0.246563751699602,0.25120917232862,0.246563751699602,0.256121270986709,7.55692945586362e-10,1,50,0,0,1.13353941837954e-08,1,2.83384854594886e-07,1,1,1
1,5,SI_NRMSE,SI-NRMSE,DAS,DMAS,-0.150145394265023,-0.156113844908114,-0.146537319527063,0.150145394265023,0.146537319527063,0.156113844908114,7.55692945586362e-10,1,50,0,0,1.13353941837954e-08,1,2.83384854594886e-07,1,1,1
1,5,SI_NRMSE,SI-NRMSE,DAS,DS-DMAS,-0.228663534722547,-0.231202003248034,-0.222455157417915,0.228663534722547,0.222455157417915,0.231202003248034,7.55692945586362e-10,1,50,0,0,1.13353941837954e-08,1,2.83384854594886e-07,1,1,1
1,5,SI_NRMSE,SI-NRMSE,DAS,TR,-0.00342112273125755,-0.00628555890763594,0.00104599478293399,0.00342112273125755,-0.00104599478293399,0.00628555890763594,0.420214729343865,0.130980392156863,30,20,0,0.840429458687731,0,1,0,1,0
1,5,SI_NRMSE,SI-NRMSE,CF-DAS,SCF-DAS,-0.248128317606831,-0.25863033248019,-0.237841935915708,0.248128317606831,0.237841935915708,0.25863033248019,7.55692945586362e-10,1,50,0,0,1.13353941837954e-08,1,2.83384854594886e-07,1,1,1
1,5,SI_NRMSE,SI-NRMSE,CF-DAS,DMAS,-0.145641441074465,-0.152261681023369,-0.141380832002672,0.145641441074465,0.141380832002672,0.152261681023369,7.55692945586362e-10,1,50,0,0,1.13353941837954e-08,1,2.83384854594886e-07,1,1,1
1,5,SI_NRMSE,SI-NRMSE,CF-DAS,DS-DMAS,-0.222642507653755,-0.237506645136196,-0.214601723446187,0.222642507653755,0.214601723446187,0.237506645136196,7.55692945586362e-10,1,50,0,0,1.13353941837954e-08,1,2.83384854594886e-07,1,1,1
1,5,SI_NRMSE,SI-NRMSE,CF-DAS,TR,0.000209994079928,-0.012416272972655,0.0106553868366435,-0.000209994079928,-0.0106553868366435,0.012416272972655,0.527197558015289,-0.102745098039216,25,25,0,0.840429458687731,0,1,0,1,0
1,5,SI_NRMSE,SI-NRMSE,SCF-DAS,DMAS,0.101336706723281,0.0913074706667366,0.10545085053257,-0.101336706723281,-0.10545085053257,-0.0913074706667366,7.55692945586362e-10,-1,0,50,0,1.13353941837954e-08,1,2.83384854594886e-07,1,1,1
1,5,SI_NRMSE,SI-NRMSE,SCF-DAS,DS-DMAS,0.022007293296522,0.021105844058284,0.023718963399473,-0.022007293296522,-0.023718963399473,-0.021105844058284,7.55692945586362e-10,-1,0,50,0,1.13353941837954e-08,1,2.83384854594886e-07,1,1,1
1,5,SI_NRMSE,SI-NRMSE,SCF-DAS,TR,0.249136436007836,0.24708862699657,0.2501444559695,-0.249136436007836,-0.2501444559695,-0.24708862699657,7.55692945586362e-10,-1,0,50,0,1.13353941837954e-08,1,2.83384854594886e-07,1,1,1
1,5,SI_NRMSE,SI-NRMSE,DMAS,DS-DMAS,-0.0785725105172955,-0.0829129268001125,-0.0700801130410881,0.0785725105172955,0.0700801130410881,0.0829129268001125,7.55692945586362e-10,1,50,0,0,1.13353941837954e-08,1,2.83384854594886e-07,1,1,1
1,5,SI_NRMSE,SI-NRMSE,DMAS,TR,0.147168049829407,0.14324755098731,0.157018669275376,-0.147168049829407,-0.157018669275376,-0.14324755098731,7.55692945586362e-10,-1,0,50,0,1.13353941837954e-08,1,2.83384854594886e-07,1,1,1
1,5,SI_NRMSE,SI-NRMSE,DS-DMAS,TR,0.225972281850519,0.224119496605406,0.228583354040652,-0.225972281850519,-0.228583354040652,-0.224119496605406,7.55692945586362e-10,-1,0,50,0,1.13353941837954e-08,1,2.83384854594886e-07,1,1,1
2,5,Correlation,Correlation,DAS,CF-DAS,0.0114613874621305,0.00492067006255653,0.0189850885795,0.0114613874621305,0.00492067006255653,0.0189850885795,0.000157296001339064,0.614117647058824,37,13,0,0.000471888004017193,1,0.00298862402544222,1,1,1
2,5,Correlation,Correlation,DAS,SCF-DAS,0.404962520338121,0.398657720557839,0.409304856002881,0.404962520338121,0.398657720557839,0.409304856002881,7.55692945586362e-10,1,50,0,0,1.13353941837954e-08,1,2.83384854594886e-07,1,1,1
2,5,Correlation,Correlation,DAS,DMAS,0.195400682783823,0.193254686809412,0.2009106986196,0.195400682783823,0.193254686809412,0.2009106986196,7.55692945586362e-10,1,50,0,0,1.13353941837954e-08,1,2.83384854594886e-07,1,1,1
2,5,Correlation,Correlation,DAS,DS-DMAS,0.35369474638754,0.349727155707742,0.356436755790618,0.35369474638754,0.349727155707742,0.356436755790618,7.55692945586362e-10,1,50,0,0,1.13353941837954e-08,1,2.83384854594886e-07,1,1,1
2,5,Correlation,Correlation,DAS,TR,0.001314199760451,-0.00243732847431399,0.00381994396653151,0.001314199760451,-0.00243732847431399,0.00381994396653151,0.768433166150854,-0.047843137254902,27,23,0,0.768433166150854,0,1,0,1,0
2,5,Correlation,Correlation,CF-DAS,SCF-DAS,0.393346795132065,0.384066347329452,0.402319223133925,0.393346795132065,0.384066347329452,0.402319223133925,7.55692945586362e-10,1,50,0,0,1.13353941837954e-08,1,2.83384854594886e-07,1,1,1
2,5,Correlation,Correlation,CF-DAS,DMAS,0.188135333229866,0.180152642074403,0.19186350150353,0.188135333229866,0.180152642074403,0.19186350150353,7.55692945586362e-10,1,50,0,0,1.13353941837954e-08,1,2.83384854594886e-07,1,1,1
2,5,Correlation,Correlation,CF-DAS,DS-DMAS,0.342168084937308,0.331998513999872,0.350871554144058,0.342168084937308,0.331998513999872,0.350871554144058,7.55692945586362e-10,1,50,0,0,1.13353941837954e-08,1,2.83384854594886e-07,1,1,1
2,5,Correlation,Correlation,CF-DAS,TR,-0.010872532358763,-0.021284604658905,0.00093593735924602,-0.010872532358763,-0.021284604658905,0.00093593735924602,0.00116085256914433,-0.527843137254902,19,31,0,0.00232170513828867,1,0.0197344936754537,1,1,1
2,5,Correlation,Correlation,SCF-DAS,DMAS,-0.208211647678092,-0.214525331955279,-0.195584801864339,-0.208211647678092,-0.214525331955279,-0.195584801864339,7.55692945586362e-10,-1,0,50,0,1.13353941837954e-08,1,2.83384854594886e-07,1,1,1
2,5,Correlation,Correlation,SCF-DAS,DS-DMAS,-0.0500187537952595,-0.053835593747427,-0.04669635559414,-0.0500187537952595,-0.053835593747427,-0.04669635559414,7.55692945586362e-10,-1,0,50,0,1.13353941837954e-08,1,2.83384854594886e-07,1,1,1
2,5,Correlation,Correlation,SCF-DAS,TR,-0.406677377993356,-0.410872292130855,-0.40144964155067,-0.406677377993356,-0.410872292130855,-0.40144964155067,7.55692945586362e-10,-1,0,50,0,1.13353941837954e-08,1,2.83384854594886e-07,1,1,1
2,5,Correlation,Correlation,DMAS,DS-DMAS,0.157028423579135,0.146453192903215,0.163636049307874,0.157028423579135,0.146453192903215,0.163636049307874,7.55692945586362e-10,1,50,0,0,1.13353941837954e-08,1,2.83384854594886e-07,1,1,1
2,5,Correlation,Correlation,DMAS,TR,-0.19399056264942,-0.211972116654921,-0.189552548767497,-0.19399056264942,-0.211972116654921,-0.189552548767497,7.55692945586362e-10,-1,0,50,0,1.13353941837954e-08,1,2.83384854594886e-07,1,1,1
2,5,Correlation,Correlation,DS-DMAS,TR,-0.35454094034967,-0.361742582734582,-0.350217039020604,-0.35454094034967,-0.361742582734582,-0.350217039020604,7.55692945586362e-10,-1,0,50,0,1.13353941837954e-08,1,2.83384854594886e-07,1,1,1
3,5,SSIM,SSIM,DAS,CF-DAS,-0.513283825431813,-0.528900914807547,-0.499326415455777,-0.513283825431813,-0.528900914807547,-0.499326415455777,7.55692945586362e-10,-1,0,50,0,1.13353941837954e-08,1,2.83384854594886e-07,1,1,1
3,5,SSIM,SSIM,DAS,SCF-DAS,-0.547717225038673,-0.558871068599011,-0.533179595617687,-0.547717225038673,-0.558871068599011,-0.533179595617687,7.55692945586362e-10,-1,0,50,0,1.13353941837954e-08,1,2.83384854594886e-07,1,1,1
3,5,SSIM,SSIM,DAS,DMAS,-0.0958355645875025,-0.103751540011653,-0.084994154735617,-0.0958355645875025,-0.103751540011653,-0.084994154735617,8.03109090704699e-10,-0.99843137254902,1,49,0,1.13353941837954e-08,1,2.83384854594886e-07,1,1,1
3,5,SSIM,SSIM,DAS,DS-DMAS,-0.527421954391557,-0.536650819101601,-0.509297189327447,-0.527421954391557,-0.536650819101601,-0.509297189327447,7.55692945586362e-10,-1,0,50,0,1.13353941837954e-08,1,2.83384854594886e-07,1,1,1
3,5,SSIM,SSIM,DAS,TR,-0.211831588471299,-0.221274016582003,-0.199396163279337,-0.211831588471299,-0.221274016582003,-0.199396163279337,7.55692945586362e-10,-1,0,50,0,1.13353941837954e-08,1,2.83384854594886e-07,1,1,1
3,5,SSIM,SSIM,CF-DAS,SCF-DAS,-0.03243431976833,-0.0335726232618401,-0.0313928746978475,-0.03243431976833,-0.0335726232618401,-0.0313928746978475,7.55692945586362e-10,-1,0,50,0,1.13353941837954e-08,1,2.83384854594886e-07,1,1,1
3,5,SSIM,SSIM,CF-DAS,DMAS,0.423491484847144,0.398933674555718,0.433824644069644,0.423491484847144,0.398933674555718,0.433824644069644,7.55692945586362e-10,1,50,0,0,1.13353941837954e-08,1,2.83384854594886e-07,1,1,1
3,5,SSIM,SSIM,CF-DAS,DS-DMAS,-0.0104888603298415,-0.01188799483569,-0.00924128502874599,-0.0104888603298415,-0.01188799483569,-0.00924128502874599,1.75693915738319e-09,-0.978039215686274,4,46,0,1.13353941837954e-08,1,2.83384854594886e-07,1,1,1
3,5,SSIM,SSIM,CF-DAS,TR,0.301620584075683,0.300168066470334,0.303946668006121,0.301620584075683,0.300168066470334,0.303946668006121,7.55692945586362e-10,1,50,0,0,1.13353941837954e-08,1,2.83384854594886e-07,1,1,1
3,5,SSIM,SSIM,SCF-DAS,DMAS,0.456293300221141,0.430297182633308,0.466744531386119,0.456293300221141,0.430297182633308,0.466744531386119,7.55692945586362e-10,1,50,0,0,1.13353941837954e-08,1,2.83384854594886e-07,1,1,1
3,5,SSIM,SSIM,SCF-DAS,DS-DMAS,0.021518014768704,0.020936666995243,0.0231974783217165,0.021518014768704,0.020936666995243,0.0231974783217165,7.55692945586362e-10,1,50,0,0,1.13353941837954e-08,1,2.83384854594886e-07,1,1,1
3,5,SSIM,SSIM,SCF-DAS,TR,0.335631399378222,0.332818276951366,0.337066736240076,0.335631399378222,0.332818276951366,0.337066736240076,7.55692945586362e-10,1,50,0,0,1.13353941837954e-08,1,2.83384854594886e-07,1,1,1
3,5,SSIM,SSIM,DMAS,DS-DMAS,-0.433451218879305,-0.446297110125539,-0.409726683485473,-0.433451218879305,-0.446297110125539,-0.409726683485473,7.55692945586362e-10,-1,0,50,0,1.13353941837954e-08,1,2.83384854594886e-07,1,1,1
3,5,SSIM,SSIM,DMAS,TR,-0.116616836969412,-0.135207446402433,-0.0999382295697855,-0.116616836969412,-0.135207446402433,-0.0999382295697855,7.55692945586362e-10,-1,0,50,0,1.13353941837954e-08,1,2.83384854594886e-07,1,1,1
3,5,SSIM,SSIM,DS-DMAS,TR,0.31229089473594,0.31040417594088,0.315219514162465,0.31229089473594,0.31040417594088,0.315219514162465,7.55692945586362e-10,1,50,0,0,1.13353941837954e-08,1,2.83384854594886e-07,1,1,1
4,5,CNR,CNR,DAS,CF-DAS,1.07343769717748,1.02227194225437,1.10286883129088,1.07343769717748,1.02227194225437,1.10286883129088,7.55692945586362e-10,1,50,0,0,1.13353941837954e-08,1,2.83384854594886e-07,1,1,1
4,5,CNR,CNR,DAS,SCF-DAS,1.81088880286666,1.78389585307774,1.85061984530066,1.81088880286666,1.78389585307774,1.85061984530066,7.55692945586362e-10,1,50,0,0,1.13353941837954e-08,1,2.83384854594886e-07,1,1,1
4,5,CNR,CNR,DAS,DMAS,1.42762014804066,1.38914877857559,1.47778206565155,1.42762014804066,1.38914877857559,1.47778206565155,7.55692945586362e-10,1,50,0,0,1.13353941837954e-08,1,2.83384854594886e-07,1,1,1
4,5,CNR,CNR,DAS,DS-DMAS,1.72841877894232,1.69601063771301,1.76057709752417,1.72841877894232,1.69601063771301,1.76057709752417,7.55692945586362e-10,1,50,0,0,1.13353941837954e-08,1,2.83384854594886e-07,1,1,1
4,5,CNR,CNR,DAS,TR,-0.15375697940881,-0.18178479080755,-0.12329616506454,-0.15375697940881,-0.18178479080755,-0.12329616506454,1.8648014196095e-09,-0.976470588235294,2,48,0,1.13353941837954e-08,1,2.83384854594886e-07,1,1,1
4,5,CNR,CNR,CF-DAS,SCF-DAS,0.736960752077643,0.712966455716837,0.77707946643533,0.736960752077643,0.712966455716837,0.77707946643533,7.55692945586362e-10,1,50,0,0,1.13353941837954e-08,1,2.83384854594886e-07,1,1,1
4,5,CNR,CNR,CF-DAS,DMAS,0.367579956060062,0.346260769558923,0.376774429366486,0.367579956060062,0.346260769558923,0.376774429366486,7.55692945586362e-10,1,50,0,0,1.13353941837954e-08,1,2.83384854594886e-07,1,1,1
4,5,CNR,CNR,CF-DAS,DS-DMAS,0.646100165879008,0.621288454893419,0.691222880608574,0.646100165879008,0.621288454893419,0.691222880608574,7.55692945586362e-10,1,50,0,0,1.13353941837954e-08,1,2.83384854594886e-07,1,1,1
4,5,CNR,CNR,CF-DAS,TR,-1.23362178807336,-1.2611684410984,-1.19227620242418,-1.23362178807336,-1.2611684410984,-1.19227620242418,7.55692945586362e-10,-1,0,50,0,1.13353941837954e-08,1,2.83384854594886e-07,1,1,1
4,5,CNR,CNR,SCF-DAS,DMAS,-0.380939774156252,-0.397902323799578,-0.353492230744606,-0.380939774156252,-0.397902323799578,-0.353492230744606,7.55692945586362e-10,-1,0,50,0,1.13353941837954e-08,1,2.83384854594886e-07,1,1,1
4,5,CNR,CNR,SCF-DAS,DS-DMAS,-0.0882443068361975,-0.093092471217851,-0.084050602290917,-0.0882443068361975,-0.093092471217851,-0.084050602290917,7.55692945586362e-10,-1,0,50,0,1.13353941837954e-08,1,2.83384854594886e-07,1,1,1
4,5,CNR,CNR,SCF-DAS,TR,-1.97302586181592,-1.98210080007447,-1.96738161170476,-1.97302586181592,-1.98210080007447,-1.96738161170476,7.55692945586362e-10,-1,0,50,0,1.13353941837954e-08,1,2.83384854594886e-07,1,1,1
4,5,CNR,CNR,DMAS,DS-DMAS,0.298029530533359,0.267870127981749,0.310132223332703,0.298029530533359,0.267870127981749,0.310132223332703,7.55692945586362e-10,1,50,0,0,1.13353941837954e-08,1,2.83384854594886e-07,1,1,1
4,5,CNR,CNR,DMAS,TR,-1.58086237866591,-1.62337908658484,-1.56512003851757,-1.58086237866591,-1.62337908658484,-1.56512003851757,7.55692945586362e-10,-1,0,50,0,1.13353941837954e-08,1,2.83384854594886e-07,1,1,1
4,5,CNR,CNR,DS-DMAS,TR,-1.88673382906035,-1.89479740613592,-1.87505882464367,-1.88673382906035,-1.89479740613592,-1.87505882464367,7.55692945586362e-10,-1,0,50,0,1.13353941837954e-08,1,2.83384854594886e-07,1,1,1
5,5,SBR_dB,SBR,DAS,CF-DAS,-8.9312837879203,-9.14071869221715,-8.5367908452829,-8.9312837879203,-9.14071869221715,-8.5367908452829,7.55692945586362e-10,-1,0,50,0,1.13353941837954e-08,1,2.83384854594886e-07,1,1,1
5,5,SBR_dB,SBR,DAS,SCF-DAS,-14.7592982631326,-15.2607838715778,-14.2650784813914,-14.7592982631326,-15.2607838715778,-14.2650784813914,7.55692945586362e-10,-1,0,50,0,1.13353941837954e-08,1,2.83384854594886e-07,1,1,1
5,5,SBR_dB,SBR,DAS,DMAS,-3.98662912349275,-4.1072610584495,-3.8228717102377,-3.98662912349275,-4.1072610584495,-3.8228717102377,7.55692945586362e-10,-1,0,50,0,1.13353941837954e-08,1,2.83384854594886e-07,1,1,1
5,5,SBR_dB,SBR,DAS,DS-DMAS,-6.14650551742325,-6.5086309322422,-5.75830028929,-6.14650551742325,-6.5086309322422,-5.75830028929,7.55692945586362e-10,-1,0,50,0,1.13353941837954e-08,1,2.83384854594886e-07,1,1,1
5,5,SBR_dB,SBR,DAS,TR,0.383462208726099,0.323566861833701,0.443344828929275,0.383462208726099,0.323566861833701,0.443344828929275,1.15483346862619e-09,0.989019607843137,48,2,0,1.13353941837954e-08,1,2.83384854594886e-07,1,1,1
5,5,SBR_dB,SBR,CF-DAS,SCF-DAS,-5.91886992458145,-6.37734428779175,-5.15170114789845,-5.91886992458145,-6.37734428779175,-5.15170114789845,7.55692945586362e-10,-1,0,50,0,1.13353941837954e-08,1,2.83384854594886e-07,1,1,1
5,5,SBR_dB,SBR,CF-DAS,DMAS,4.9146763244411,4.59179722703995,5.1794691086474,4.9146763244411,4.59179722703995,5.1794691086474,7.55692945586362e-10,1,50,0,0,1.13353941837954e-08,1,2.83384854594886e-07,1,1,1
5,5,SBR_dB,SBR,CF-DAS,DS-DMAS,2.84299767537565,2.35099765649925,3.04581977031055,2.84299767537565,2.35099765649925,3.04581977031055,8.53422673646544e-10,0.996862745098039,49,1,0,1.13353941837954e-08,1,2.83384854594886e-07,1,1,1
5,5,SBR_dB,SBR,CF-DAS,TR,9.24428975189745,8.8778388383455,9.6175627010204,9.24428975189745,8.8778388383455,9.6175627010204,7.55692945586362e-10,1,50,0,0,1.13353941837954e-08,1,2.83384854594886e-07,1,1,1
5,5,SBR_dB,SBR,SCF-DAS,DMAS,10.8024071786883,10.3783669128103,11.2527924005708,10.8024071786883,10.3783669128103,11.2527924005708,7.55692945586362e-10,1,50,0,0,1.13353941837954e-08,1,2.83384854594886e-07,1,1,1
5,5,SBR_dB,SBR,SCF-DAS,DS-DMAS,8.6950238849293,8.458162483128,8.9239006524252,8.6950238849293,8.458162483128,8.9239006524252,7.55692945586362e-10,1,50,0,0,1.13353941837954e-08,1,2.83384854594886e-07,1,1,1
5,5,SBR_dB,SBR,SCF-DAS,TR,15.0534433517912,14.7013038573391,15.7027175318698,15.0534433517912,14.7013038573391,15.7027175318698,7.55692945586362e-10,1,50,0,0,1.13353941837954e-08,1,2.83384854594886e-07,1,1,1
5,5,SBR_dB,SBR,DMAS,DS-DMAS,-2.1608873691441,-2.48302105876425,-1.9007515543597,-2.1608873691441,-2.48302105876425,-1.9007515543597,8.03109090704699e-10,-0.99843137254902,1,49,0,1.13353941837954e-08,1,2.83384854594886e-07,1,1,1
5,5,SBR_dB,SBR,DMAS,TR,4.36999152028975,4.18108644824181,4.4653664028822,4.36999152028975,4.18108644824181,4.4653664028822,7.55692945586362e-10,1,50,0,0,1.13353941837954e-08,1,2.83384854594886e-07,1,1,1
5,5,SBR_dB,SBR,DS-DMAS,TR,6.5238844076665,5.90186928604725,7.0514179733417,6.5238844076665,5.90186928604725,7.0514179733417,7.55692945586362e-10,1,50,0,0,1.13353941837954e-08,1,2.83384854594886e-07,1,1,1
6,10,SI_NRMSE,SI-NRMSE,DAS,CF-DAS,-0.0118814074718465,-0.019026098928414,-0.00305619396004603,0.0118814074718465,0.00305619396004603,0.019026098928414,0.000335540628361421,0.582745098039216,38,12,0,0.000671081256722842,1,0.00603973131050558,1,1,1
6,10,SI_NRMSE,SI-NRMSE,DAS,SCF-DAS,-0.263532717730188,-0.265856112816904,-0.259164289692339,0.263532717730188,0.259164289692339,0.265856112816903,7.55692945586362e-10,1,50,0,0,1.13353941837954e-08,1,2.83384854594886e-07,1,1,1
6,10,SI_NRMSE,SI-NRMSE,DAS,DMAS,-0.16995323079084,-0.175711030600959,-0.166310986113714,0.16995323079084,0.166310986113714,0.175711030600959,7.55692945586362e-10,1,50,0,0,1.13353941837954e-08,1,2.83384854594886e-07,1,1,1
6,10,SI_NRMSE,SI-NRMSE,DAS,DS-DMAS,-0.242347006116,-0.245317394395329,-0.237812342298245,0.242347006116,0.237812342298245,0.245317394395329,7.55692945586362e-10,1,50,0,0,1.13353941837954e-08,1,2.83384854594886e-07,1,1,1
6,10,SI_NRMSE,SI-NRMSE,DAS,TR,-0.013087760426672,-0.0169297227426905,-0.00930763313396508,0.013087760426672,0.00930763313396507,0.0169297227426905,2.52657520785658e-06,0.764705882352941,40,10,0,7.57972562356974e-06,1,6.31643801964145e-05,1,1,1
6,10,SI_NRMSE,SI-NRMSE,CF-DAS,SCF-DAS,-0.249911425922117,-0.262825806811483,-0.243574451404978,0.249911425922117,0.243574451404978,0.262825806811483,7.55692945586362e-10,1,50,0,0,1.13353941837954e-08,1,2.83384854594886e-07,1,1,1
6,10,SI_NRMSE,SI-NRMSE,CF-DAS,DMAS,-0.154807288105107,-0.163365903165658,-0.150132395016029,0.154807288105107,0.150132395016029,0.163365903165658,7.55692945586362e-10,1,50,0,0,1.13353941837954e-08,1,2.83384854594886e-07,1,1,1
6,10,SI_NRMSE,SI-NRMSE,CF-DAS,DS-DMAS,-0.227716786682484,-0.240964934720427,-0.221011245901129,0.227716786682484,0.221011245901129,0.240964934720427,7.55692945586362e-10,1,50,0,0,1.13353941837954e-08,1,2.83384854594886e-07,1,1,1
6,10,SI_NRMSE,SI-NRMSE,CF-DAS,TR,-0.000119349332315499,-0.013130075486393,0.00928402100109005,0.000119349332315499,-0.00928402100109005,0.013130075486393,0.739105512770524,-0.0541176470588235,25,25,0,0.739105512770524,0,1,0,1,0
6,10,SI_NRMSE,SI-NRMSE,SCF-DAS,DMAS,0.092698645355513,0.085011473641353,0.098227945281573,-0.092698645355513,-0.098227945281573,-0.085011473641353,7.55692945586362e-10,-1,0,50,0,1.13353941837954e-08,1,2.83384854594886e-07,1,1,1
6,10,SI_NRMSE,SI-NRMSE,SCF-DAS,DS-DMAS,0.0207795960348925,0.019646866360319,0.0226270060677936,-0.0207795960348925,-0.0226270060677936,-0.019646866360319,7.55692945586362e-10,-1,0,50,0,1.13353941837954e-08,1,2.83384854594886e-07,1,1,1
6,10,SI_NRMSE,SI-NRMSE,SCF-DAS,TR,0.250462757788524,0.249024408635444,0.251671123563159,-0.250462757788524,-0.251671123563159,-0.249024408635444,7.55692945586362e-10,-1,0,50,0,1.13353941837954e-08,1,2.83384854594886e-07,1,1,1
6,10,SI_NRMSE,SI-NRMSE,DMAS,DS-DMAS,-0.0740497220484255,-0.077618511236851,-0.0646929760693225,0.0740497220484255,0.0646929760693225,0.077618511236851,7.55692945586362e-10,1,50,0,0,1.13353941837954e-08,1,2.83384854594886e-07,1,1,1
6,10,SI_NRMSE,SI-NRMSE,DMAS,TR,0.156251416725409,0.151570728998928,0.164507511330844,-0.156251416725409,-0.164507511330844,-0.151570728998928,7.55692945586362e-10,-1,0,50,0,1.13353941837954e-08,1,2.83384854594886e-07,1,1,1
6,10,SI_NRMSE,SI-NRMSE,DS-DMAS,TR,0.229221447598168,0.226324162796661,0.2312591309749,-0.229221447598168,-0.2312591309749,-0.226324162796661,7.55692945586362e-10,-1,0,50,0,1.13353941837954e-08,1,2.83384854594886e-07,1,1,1
7,10,Correlation,Correlation,DAS,CF-DAS,0.0203157220207325,0.012404050986235,0.0273654475933021,0.0203157220207325,0.012404050986235,0.0273654475933021,2.1183855614204e-07,0.843137254901961,42,8,0,6.35515668426121e-07,1,5.71964101583509e-06,1,1,1
7,10,Correlation,Correlation,DAS,SCF-DAS,0.415552068635668,0.4079370083668,0.420059693983259,0.415552068635668,0.4079370083668,0.420059693983259,7.55692945586362e-10,1,50,0,0,1.13353941837954e-08,1,2.83384854594886e-07,1,1,1
7,10,Correlation,Correlation,DAS,DMAS,0.217987184800138,0.214362808844628,0.224811087056837,0.217987184800138,0.214362808844628,0.224811087056837,7.55692945586362e-10,1,50,0,0,1.13353941837954e-08,1,2.83384854594886e-07,1,1,1
7,10,Correlation,Correlation,DAS,DS-DMAS,0.368937606029715,0.365702313171166,0.373248388573029,0.368937606029715,0.365702313171166,0.373248388573029,7.55692945586362e-10,1,50,0,0,1.13353941837954e-08,1,2.83384854594886e-07,1,1,1
7,10,Correlation,Correlation,DAS,TR,0.0114418782049335,0.00622475400269401,0.013984065991947,0.0114418782049335,0.00622475400269401,0.013984065991947,8.3644324700542e-05,0.63921568627451,40,10,0,0.000167288649401084,1,0.00167288649401084,1,1,1
7,10,Correlation,Correlation,CF-DAS,SCF-DAS,0.395206386507103,0.386270240884892,0.403641240774681,0.395206386507103,0.386270240884892,0.403641240774681,7.55692945586362e-10,1,50,0,0,1.13353941837954e-08,1,2.83384854594886e-07,1,1,1
7,10,Correlation,Correlation,CF-DAS,DMAS,0.202382276627958,0.192857450446281,0.206598675011977,0.202382276627958,0.192857450446281,0.206598675011977,7.55692945586362e-10,1,50,0,0,1.13353941837954e-08,1,2.83384854594886e-07,1,1,1
7,10,Correlation,Correlation,CF-DAS,DS-DMAS,0.349212918990302,0.33773326612275,0.358551265762955,0.349212918990302,0.33773326612275,0.358551265762955,7.55692945586362e-10,1,50,0,0,1.13353941837954e-08,1,2.83384854594886e-07,1,1,1
7,10,Correlation,Correlation,CF-DAS,TR,-0.010682843816825,-0.0196950634091762,0.00148861880019902,-0.010682843816825,-0.0196950634091762,0.00148861880019902,0.00308909711571751,-0.48078431372549,20,30,0,0.00308909711571751,1,0.0494255538514801,1,1,1
7,10,Correlation,Correlation,SCF-DAS,DMAS,-0.193578383247525,-0.202054478179357,-0.182925420046295,-0.193578383247525,-0.202054478179357,-0.182925420046295,7.55692945586362e-10,-1,0,50,0,1.13353941837954e-08,1,2.83384854594886e-07,1,1,1
7,10,Correlation,Correlation,SCF-DAS,DS-DMAS,-0.046479877266969,-0.048881822253295,-0.0429685859607995,-0.046479877266969,-0.048881822253295,-0.0429685859607995,7.55692945586362e-10,-1,0,50,0,1.13353941837954e-08,1,2.83384854594886e-07,1,1,1
7,10,Correlation,Correlation,SCF-DAS,TR,-0.405813445955982,-0.411170243639858,-0.403605604438695,-0.405813445955982,-0.411170243639858,-0.403605604438695,7.55692945586362e-10,-1,0,50,0,1.13353941837954e-08,1,2.83384854594886e-07,1,1,1
7,10,Correlation,Correlation,DMAS,DS-DMAS,0.150500293753716,0.14074397618198,0.159143300551532,0.150500293753716,0.14074397618198,0.159143300551532,7.55692945586362e-10,1,50,0,0,1.13353941837954e-08,1,2.83384854594886e-07,1,1,1
7,10,Correlation,Correlation,DMAS,TR,-0.209079558509471,-0.224398094361426,-0.202784397280724,-0.209079558509471,-0.224398094361426,-0.202784397280724,7.55692945586362e-10,-1,0,50,0,1.13353941837954e-08,1,2.83384854594886e-07,1,1,1
7,10,Correlation,Correlation,DS-DMAS,TR,-0.360388144875694,-0.367173059135625,-0.354867610830165,-0.360388144875694,-0.367173059135625,-0.354867610830165,7.55692945586362e-10,-1,0,50,0,1.13353941837954e-08,1,2.83384854594886e-07,1,1,1
8,10,SSIM,SSIM,DAS,CF-DAS,-0.338429271563893,-0.349705868623397,-0.324840058112114,-0.338429271563893,-0.349705868623397,-0.324840058112114,7.55692945586362e-10,-1,0,50,0,1.13353941837954e-08,1,2.83384854594886e-07,1,1,1
8,10,SSIM,SSIM,DAS,SCF-DAS,-0.367636108028312,-0.374891870504732,-0.355074505832617,-0.367636108028312,-0.374891870504732,-0.355074505832617,7.55692945586362e-10,-1,0,50,0,1.13353941837954e-08,1,2.83384854594886e-07,1,1,1
8,10,SSIM,SSIM,DAS,DMAS,0.0562828924544385,0.0466245404734515,0.064278782302655,0.0562828924544385,0.0466245404734515,0.064278782302655,8.03109090704699e-10,0.99843137254902,49,1,0,1.13353941837954e-08,1,2.83384854594886e-07,1,1,1
8,10,SSIM,SSIM,DAS,DS-DMAS,-0.345214883166861,-0.352794145752178,-0.333782709471318,-0.345214883166861,-0.352794145752178,-0.333782709471318,7.55692945586362e-10,-1,0,50,0,1.13353941837954e-08,1,2.83384854594886e-07,1,1,1
8,10,SSIM,SSIM,DAS,TR,-0.0898892496454829,-0.095431941982851,-0.0786474310067092,-0.0898892496454829,-0.095431941982851,-0.0786474310067092,7.55692945586362e-10,-1,0,50,0,1.13353941837954e-08,1,2.83384854594886e-07,1,1,1
8,10,SSIM,SSIM,CF-DAS,SCF-DAS,-0.0284873753223625,-0.028967451764175,-0.0270022730197315,-0.0284873753223625,-0.028967451764175,-0.0270022730197315,7.55692945586362e-10,-1,0,50,0,1.13353941837954e-08,1,2.83384854594886e-07,1,1,1
8,10,SSIM,SSIM,CF-DAS,DMAS,0.398947792907124,0.375802941492796,0.412392700995883,0.398947792907124,0.375802941492796,0.412392700995883,7.55692945586362e-10,1,50,0,0,1.13353941837954e-08,1,2.83384854594886e-07,1,1,1
8,10,SSIM,SSIM,CF-DAS,DS-DMAS,-0.00550896576140103,-0.00649520241774254,-0.00376857512268802,-0.00550896576140103,-0.00649520241774254,-0.00376857512268802,8.02029719177543e-06,-0.725490196078431,7,43,0,8.02029719177543e-06,1,0.00019248713260261,1,1,1
8,10,SSIM,SSIM,CF-DAS,TR,0.249523765932856,0.247628402742411,0.250893855204883,0.249523765932856,0.247628402742411,0.250893855204883,7.55692945586362e-10,1,50,0,0,1.13353941837954e-08,1,2.83384854594886e-07,1,1,1
8,10,SSIM,SSIM,SCF-DAS,DMAS,0.429055344468254,0.403016903640283,0.440190240748246,0.429055344468254,0.403016903640283,0.440190240748246,7.55692945586362e-10,1,50,0,0,1.13353941837954e-08,1,2.83384854594886e-07,1,1,1
8,10,SSIM,SSIM,SCF-DAS,DS-DMAS,0.0225998449872995,0.022116862851559,0.0243984019728205,0.0225998449872995,0.022116862851559,0.0243984019728205,7.55692945586362e-10,1,50,0,0,1.13353941837954e-08,1,2.83384854594886e-07,1,1,1
8,10,SSIM,SSIM,SCF-DAS,TR,0.277731624131189,0.275967479828979,0.278499989990993,0.277731624131189,0.275967479828979,0.278499989990993,7.55692945586362e-10,1,50,0,0,1.13353941837954e-08,1,2.83384854594886e-07,1,1,1
8,10,SSIM,SSIM,DMAS,DS-DMAS,-0.406575981546189,-0.417846532156155,-0.382382013423285,-0.406575981546189,-0.417846532156155,-0.382382013423285,7.55692945586362e-10,-1,0,50,0,1.13353941837954e-08,1,2.83384854594886e-07,1,1,1
8,10,SSIM,SSIM,DMAS,TR,-0.147179853224898,-0.165494699576573,-0.132774794545701,-0.147179853224898,-0.165494699576573,-0.132774794545701,7.55692945586362e-10,-1,0,50,0,1.13353941837954e-08,1,2.83384854594886e-07,1,1,1
8,10,SSIM,SSIM,DS-DMAS,TR,0.253930665685995,0.252440341996616,0.255782255122006,0.253930665685995,0.252440341996616,0.255782255122006,7.55692945586362e-10,1,50,0,0,1.13353941837954e-08,1,2.83384854594886e-07,1,1,1
9,10,CNR,CNR,DAS,CF-DAS,1.08357283363542,1.02850569711483,1.11494343742049,1.08357283363542,1.02850569711483,1.11494343742049,7.55692945586362e-10,1,50,0,0,1.13353941837954e-08,1,2.83384854594886e-07,1,1,1
9,10,CNR,CNR,DAS,SCF-DAS,1.82403244342019,1.80292386793054,1.87097765474372,1.82403244342019,1.80292386793054,1.87097765474372,7.55692945586362e-10,1,50,0,0,1.13353941837954e-08,1,2.83384854594886e-07,1,1,1
9,10,CNR,CNR,DAS,DMAS,1.46747415810408,1.42908252378674,1.52032649732524,1.46747415810408,1.42908252378674,1.52032649732524,7.55692945586362e-10,1,50,0,0,1.13353941837954e-08,1,2.83384854594886e-07,1,1,1
9,10,CNR,CNR,DAS,DS-DMAS,1.7457990976606,1.71613441919497,1.78374664414351,1.7457990976606,1.71613441919497,1.78374664414351,7.55692945586362e-10,1,50,0,0,1.13353941837954e-08,1,2.83384854594886e-07,1,1,1
9,10,CNR,CNR,DAS,TR,-0.138517580596865,-0.17159084868068,-0.108822208673525,-0.138517580596865,-0.17159084868068,-0.108822208673525,4.77832968196266e-09,-0.951372549019608,5,45,0,1.13353941837954e-08,1,2.83384854594886e-07,1,1,1
9,10,CNR,CNR,CF-DAS,SCF-DAS,0.74200379068325,0.724929232929019,0.779259610779351,0.74200379068325,0.724929232929019,0.779259610779351,7.55692945586362e-10,1,50,0,0,1.13353941837954e-08,1,2.83384854594886e-07,1,1,1
9,10,CNR,CNR,CF-DAS,DMAS,0.396744598229432,0.37053200298876,0.408597482519201,0.396744598229432,0.37053200298876,0.408597482519201,7.55692945586362e-10,1,50,0,0,1.13353941837954e-08,1,2.83384854594886e-07,1,1,1
9,10,CNR,CNR,CF-DAS,DS-DMAS,0.653335444861884,0.635841098971381,0.701990181605187,0.653335444861884,0.635841098971381,0.701990181605187,7.55692945586362e-10,1,50,0,0,1.13353941837954e-08,1,2.83384854594886e-07,1,1,1
9,10,CNR,CNR,CF-DAS,TR,-1.22807607279863,-1.26237426274545,-1.19144141753329,-1.22807607279863,-1.26237426274545,-1.19144141753329,7.55692945586362e-10,-1,0,50,0,1.13353941837954e-08,1,2.83384854594886e-07,1,1,1
9,10,CNR,CNR,SCF-DAS,DMAS,-0.355416668065808,-0.37419579578666,-0.329840964729115,-0.355416668065808,-0.37419579578666,-0.329840964729115,7.55692945586362e-10,-1,0,50,0,1.13353941837954e-08,1,2.83384854594886e-07,1,1,1
9,10,CNR,CNR,SCF-DAS,DS-DMAS,-0.085147819697556,-0.087462938641776,-0.082080346078002,-0.085147819697556,-0.087462938641776,-0.082080346078002,7.55692945586362e-10,-1,0,50,0,1.13353941837954e-08,1,2.83384854594886e-07,1,1,1
9,10,CNR,CNR,SCF-DAS,TR,-1.97832302112978,-1.98646983863992,-1.96972428353687,-1.97832302112978,-1.98646983863992,-1.96972428353687,7.55692945586362e-10,-1,0,50,0,1.13353941837954e-08,1,2.83384854594886e-07,1,1,1
9,10,CNR,CNR,DMAS,DS-DMAS,0.279277558733193,0.24750281608567,0.291357252711531,0.279277558733193,0.24750281608567,0.291357252711531,7.55692945586362e-10,1,50,0,0,1.13353941837954e-08,1,2.83384854594886e-07,1,1,1
9,10,CNR,CNR,DMAS,TR,-1.60905710759259,-1.64635167746763,-1.59426113177606,-1.60905710759259,-1.64635167746763,-1.59426113177606,7.55692945586362e-10,-1,0,50,0,1.13353941837954e-08,1,2.83384854594886e-07,1,1,1
9,10,CNR,CNR,DS-DMAS,TR,-1.89232646161022,-1.89947119826547,-1.88485170678576,-1.89232646161022,-1.89947119826547,-1.88485170678576,7.55692945586362e-10,-1,0,50,0,1.13353941837954e-08,1,2.83384854594886e-07,1,1,1
10,10,SBR_dB,SBR,DAS,CF-DAS,-8.6712299201773,-8.93008577780825,-8.2787849044049,-8.6712299201773,-8.93008577780825,-8.2787849044049,7.55692945586362e-10,-1,0,50,0,1.13353941837954e-08,1,2.83384854594886e-07,1,1,1
10,10,SBR_dB,SBR,DAS,SCF-DAS,-14.3021458969115,-14.6124402741282,-13.7220661119777,-14.3021458969115,-14.6124402741282,-13.7220661119777,7.55692945586362e-10,-1,0,50,0,1.13353941837954e-08,1,2.83384854594886e-07,1,1,1
10,10,SBR_dB,SBR,DAS,DMAS,-3.6517185694672,-3.7801843194475,-3.38727298795165,-3.6517185694672,-3.7801843194475,-3.38727298795165,7.55692945586362e-10,-1,0,50,0,1.13353941837954e-08,1,2.83384854594886e-07,1,1,1
10,10,SBR_dB,SBR,DAS,DS-DMAS,-5.37832756007845,-5.79844800318145,-4.9639627446341,-5.37832756007845,-5.79844800318145,-4.9639627446341,7.55692945586362e-10,-1,0,50,0,1.13353941837954e-08,1,2.83384854594886e-07,1,1,1
10,10,SBR_dB,SBR,DAS,TR,0.688930000231499,0.63619499935105,0.766804624888348,0.688930000231499,0.63619499935105,0.766804624888348,7.55692945586362e-10,1,50,0,0,1.13353941837954e-08,1,2.83384854594886e-07,1,1,1
10,10,SBR_dB,SBR,CF-DAS,SCF-DAS,-5.63861665091965,-6.18079693561795,-4.98866746187325,-5.63861665091965,-6.18079693561795,-4.98866746187325,8.03109090704699e-10,-0.99843137254902,1,49,0,1.13353941837954e-08,1,2.83384854594886e-07,1,1,1
10,10,SBR_dB,SBR,CF-DAS,DMAS,5.0769034652273,4.69409598636805,5.2593073235848,5.0769034652273,4.69409598636805,5.2593073235848,7.55692945586362e-10,1,50,0,0,1.13353941837954e-08,1,2.83384854594886e-07,1,1,1
10,10,SBR_dB,SBR,CF-DAS,DS-DMAS,3.2587170548611,2.8213612694658,3.65183947539565,3.2587170548611,2.8213612694658,3.65183947539565,8.03109090704699e-10,0.99843137254902,49,1,0,1.13353941837954e-08,1,2.83384854594886e-07,1,1,1
10,10,SBR_dB,SBR,CF-DAS,TR,9.3643531939617,8.9422696703564,9.7539331526204,9.3643531939617,8.9422696703564,9.7539331526204,7.55692945586362e-10,1,50,0,0,1.13353941837954e-08,1,2.83384854594886e-07,1,1,1
10,10,SBR_dB,SBR,SCF-DAS,DMAS,10.5231328895499,10.2399677093188,10.8454676197305,10.5231328895499,10.2399677093188,10.8454676197305,7.55692945586362e-10,1,50,0,0,1.13353941837954e-08,1,2.83384854594886e-07,1,1,1
10,10,SBR_dB,SBR,SCF-DAS,DS-DMAS,8.8737227789553,8.61853004667935,9.13718538893745,8.8737227789553,8.61853004667935,9.13718538893745,7.55692945586362e-10,1,50,0,0,1.13353941837954e-08,1,2.83384854594886e-07,1,1,1
10,10,SBR_dB,SBR,SCF-DAS,TR,14.9155908488018,14.4677159071637,15.3969201354819,14.9155908488018,14.4677159071637,15.3969201354819,7.55692945586362e-10,1,50,0,0,1.13353941837954e-08,1,2.83384854594886e-07,1,1,1
10,10,SBR_dB,SBR,DMAS,DS-DMAS,-1.76185275816635,-2.05594936309455,-1.4735115148293,-1.76185275816635,-2.05594936309455,-1.4735115148293,9.06805772149548e-10,-0.995294117647059,1,49,0,1.13353941837954e-08,1,2.83384854594886e-07,1,1,1
10,10,SBR_dB,SBR,DMAS,TR,4.29743987267475,4.2174037445523,4.40837359431855,4.29743987267475,4.2174037445523,4.40837359431855,7.55692945586362e-10,1,50,0,0,1.13353941837954e-08,1,2.83384854594886e-07,1,1,1
10,10,SBR_dB,SBR,DS-DMAS,TR,6.11244188135725,5.50897775609345,6.5566948577065,6.11244188135725,5.50897775609345,6.5566948577065,7.55692945586362e-10,1,50,0,0,1.13353941837954e-08,1,2.83384854594886e-07,1,1,1
11,15,SI_NRMSE,SI-NRMSE,DAS,CF-DAS,-0.014564593311059,-0.0210760289236011,-0.00613547413586002,0.014564593311059,0.00613547413586002,0.0210760289236011,2.97929738350361e-05,0.67843137254902,40,10,0,5.95859476700722e-05,1,0.000625652450535758,1,1,1
11,15,SI_NRMSE,SI-NRMSE,DAS,SCF-DAS,-0.26719964326315,-0.269891901626413,-0.262708069812081,0.26719964326315,0.262708069812081,0.269891901626413,7.55692945586362e-10,1,50,0,0,1.13353941837954e-08,1,2.83384854594886e-07,1,1,1
11,15,SI_NRMSE,SI-NRMSE,DAS,DMAS,-0.178514238544768,-0.183762116797462,-0.172243303136079,0.178514238544768,0.172243303136079,0.183762116797462,7.55692945586362e-10,1,50,0,0,1.13353941837954e-08,1,2.83384854594886e-07,1,1,1
11,15,SI_NRMSE,SI-NRMSE,DAS,DS-DMAS,-0.246645892936596,-0.250065820633223,-0.242466260861568,0.246645892936596,0.242466260861568,0.250065820633223,7.55692945586362e-10,1,50,0,0,1.13353941837954e-08,1,2.83384854594886e-07,1,1,1
11,15,SI_NRMSE,SI-NRMSE,DAS,TR,-0.016874171207665,-0.020279330884564,-0.0118944339571321,0.016874171207665,0.0118944339571321,0.020279330884564,3.64595328735412e-08,0.894901960784314,42,8,0,1.09378598620623e-07,1,1.13024551907978e-06,1,1,1
11,15,SI_NRMSE,SI-NRMSE,CF-DAS,SCF-DAS,-0.250817171578548,-0.262110167486614,-0.242670209205484,0.250817171578548,0.242670209205484,0.262110167486614,7.55692945586362e-10,1,50,0,0,1.13353941837954e-08,1,2.83384854594886e-07,1,1,1
11,15,SI_NRMSE,SI-NRMSE,CF-DAS,DMAS,-0.158515238461892,-0.16848877485544,-0.153822107478912,0.158515238461892,0.153822107478912,0.16848877485544,7.55692945586362e-10,1,50,0,0,1.13353941837954e-08,1,2.83384854594886e-07,1,1,1
11,15,SI_NRMSE,SI-NRMSE,CF-DAS,DS-DMAS,-0.228835056057374,-0.241510936660115,-0.222608906919016,0.228835056057374,0.222608906919016,0.241510936660115,7.55692945586362e-10,1,50,0,0,1.13353941837954e-08,1,2.83384854594886e-07,1,1,1
11,15,SI_NRMSE,SI-NRMSE,CF-DAS,TR,-0.000915985016589016,-0.013596834059985,0.0081800164029,0.000915985016589016,-0.0081800164029,0.013596834059985,0.79809609638949,-0.0415686274509804,25,25,0,0.79809609638949,0,1,0,1,0
11,15,SI_NRMSE,SI-NRMSE,SCF-DAS,DMAS,0.08810132942902,0.080761302885937,0.0940760732634925,-0.08810132942902,-0.0940760732634925,-0.080761302885937,7.55692945586362e-10,-1,0,50,0,1.13353941837954e-08,1,2.83384854594886e-07,1,1,1
11,15,SI_NRMSE,SI-NRMSE,SCF-DAS,DS-DMAS,0.0199398851435445,0.018464747548931,0.0207695742685625,-0.0199398851435445,-0.0207695742685625,-0.018464747548931,7.55692945586362e-10,-1,0,50,0,1.13353941837954e-08,1,2.83384854594886e-07,1,1,1
11,15,SI_NRMSE,SI-NRMSE,SCF-DAS,TR,0.249986809195204,0.247987997518607,0.252013828514172,-0.249986809195204,-0.252013828514172,-0.247987997518607,7.55692945586362e-10,-1,0,50,0,1.13353941837954e-08,1,2.83384854594886e-07,1,1,1
11,15,SI_NRMSE,SI-NRMSE,DMAS,DS-DMAS,-0.0706973069745965,-0.074065381298918,-0.062798887472035,0.0706973069745965,0.062798887472035,0.074065381298918,7.55692945586362e-10,1,50,0,0,1.13353941837954e-08,1,2.83384854594886e-07,1,1,1
11,15,SI_NRMSE,SI-NRMSE,DMAS,TR,0.161826309066568,0.15585899913511,0.167651243834153,-0.161826309066568,-0.167651243834153,-0.15585899913511,7.55692945586362e-10,-1,0,50,0,1.13353941837954e-08,1,2.83384854594886e-07,1,1,1
11,15,SI_NRMSE,SI-NRMSE,DS-DMAS,TR,0.230101109653725,0.227161118830035,0.232282786225623,-0.230101109653725,-0.232282786225623,-0.227161118830035,7.55692945586362e-10,-1,0,50,0,1.13353941837954e-08,1,2.83384854594886e-07,1,1,1
12,15,Correlation,Correlation,DAS,CF-DAS,0.0232134961026595,0.0143864071286765,0.030051383690387,0.0232134961026595,0.0143864071286765,0.030051383690387,5.0575330081551e-08,0.885490196078431,44,6,0,1.51725990244653e-07,1,1.51725990244653e-06,1,1,1
12,15,Correlation,Correlation,DAS,SCF-DAS,0.415231545764752,0.410045574766357,0.421897764145787,0.415231545764752,0.410045574766357,0.421897764145787,7.55692945586362e-10,1,50,0,0,1.13353941837954e-08,1,2.83384854594886e-07,1,1,1
12,15,Correlation,Correlation,DAS,DMAS,0.22863027280736,0.224075125009283,0.235706162954981,0.22863027280736,0.224075125009283,0.235706162954981,7.55692945586362e-10,1,50,0,0,1.13353941837954e-08,1,2.83384854594886e-07,1,1,1
12,15,Correlation,Correlation,DAS,DS-DMAS,0.37455322981901,0.370040504716645,0.378541800671196,0.37455322981901,0.370040504716645,0.378541800671196,7.55692945586362e-10,1,50,0,0,1.13353941837954e-08,1,2.83384854594886e-07,1,1,1
12,15,Correlation,Correlation,DAS,TR,0.0143589830578466,0.00915901212666304,0.017355532866685,0.0143589830578466,0.00915901212666304,0.017355532866685,3.72595010780613e-07,0.825882352941177,41,9,0,7.45190021561225e-07,1,9.68747028029593e-06,1,1,1
12,15,Correlation,Correlation,CF-DAS,SCF-DAS,0.39379232911276,0.383855478842766,0.402725608716708,0.39379232911276,0.383855478842766,0.402725608716708,7.55692945586362e-10,1,50,0,0,1.13353941837954e-08,1,2.83384854594886e-07,1,1,1
12,15,Correlation,Correlation,CF-DAS,DMAS,0.209124206610836,0.199977100967613,0.214004836236629,0.209124206610836,0.199977100967613,0.214004836236629,7.55692945586362e-10,1,50,0,0,1.13353941837954e-08,1,2.83384854594886e-07,1,1,1
12,15,Correlation,Correlation,CF-DAS,DS-DMAS,0.351143759181202,0.340410575006263,0.36131684772773,0.351143759181202,0.340410575006263,0.36131684772773,7.55692945586362e-10,1,50,0,0,1.13353941837954e-08,1,2.83384854594886e-07,1,1,1
12,15,Correlation,Correlation,CF-DAS,TR,-0.00969653125764747,-0.019324294352667,0.00247672762153195,-0.00969653125764747,-0.019324294352667,0.00247672762153195,0.0043370828429132,-0.463529411764706,20,30,0,0.0043370828429132,1,0.0650562426436981,0,1,1
12,15,Correlation,Correlation,SCF-DAS,DMAS,-0.185045880728808,-0.195363065427601,-0.174865369268377,-0.185045880728808,-0.195363065427601,-0.174865369268377,7.55692945586362e-10,-1,0,50,0,1.13353941837954e-08,1,2.83384854594886e-07,1,1,1
12,15,Correlation,Correlation,SCF-DAS,DS-DMAS,-0.0424225729802165,-0.045373726833692,-0.0397843909099275,-0.0424225729802165,-0.045373726833692,-0.0397843909099275,7.55692945586362e-10,-1,0,50,0,1.13353941837954e-08,1,2.83384854594886e-07,1,1,1
12,15,Correlation,Correlation,SCF-DAS,TR,-0.404207319302408,-0.409987201853909,-0.400641483151919,-0.404207319302408,-0.409987201853909,-0.400641483151919,7.55692945586362e-10,-1,0,50,0,1.13353941837954e-08,1,2.83384854594886e-07,1,1,1
12,15,Correlation,Correlation,DMAS,DS-DMAS,0.147559718341988,0.135614625603087,0.154786639622913,0.147559718341988,0.135614625603087,0.154786639622913,7.55692945586362e-10,1,50,0,0,1.13353941837954e-08,1,2.83384854594886e-07,1,1,1
12,15,Correlation,Correlation,DMAS,TR,-0.216692977359906,-0.229941213113718,-0.20982366350717,-0.216692977359906,-0.229941213113718,-0.20982366350717,7.55692945586362e-10,-1,0,50,0,1.13353941837954e-08,1,2.83384854594886e-07,1,1,1
12,15,Correlation,Correlation,DS-DMAS,TR,-0.362897084741337,-0.369090227112177,-0.356770533633481,-0.362897084741337,-0.369090227112177,-0.356770533633481,7.55692945586362e-10,-1,0,50,0,1.13353941837954e-08,1,2.83384854594886e-07,1,1,1
13,15,SSIM,SSIM,DAS,CF-DAS,-0.225789197486233,-0.233003891432896,-0.216254992876058,-0.225789197486233,-0.233003891432896,-0.216254992876058,7.55692945586362e-10,-1,0,50,0,1.13353941837954e-08,1,2.83384854594886e-07,1,1,1
13,15,SSIM,SSIM,DAS,SCF-DAS,-0.251234516719017,-0.257640802317767,-0.244668444508658,-0.251234516719017,-0.257640802317767,-0.244668444508658,7.55692945586362e-10,-1,0,50,0,1.13353941837954e-08,1,2.83384854594886e-07,1,1,1
13,15,SSIM,SSIM,DAS,DMAS,0.154393593307716,0.146994505824965,0.164990760393441,0.154393593307716,0.146994505824965,0.164990760393441,7.55692945586362e-10,1,50,0,0,1.13353941837954e-08,1,2.83384854594886e-07,1,1,1
13,15,SSIM,SSIM,DAS,DS-DMAS,-0.226683874703958,-0.233087240159603,-0.221046198724951,-0.226683874703958,-0.233087240159603,-0.221046198724951,7.55692945586362e-10,-1,0,50,0,1.13353941837954e-08,1,2.83384854594886e-07,1,1,1
13,15,SSIM,SSIM,DAS,TR,0.00352333555587298,-0.004331125172018,0.00961562188571707,0.00352333555587298,-0.004331125172018,0.00961562188571707,0.896313841068174,0.0211764705882353,27,23,0,0.896313841068174,0,1,0,1,0
13,15,SSIM,SSIM,CF-DAS,SCF-DAS,-0.026719082926072,-0.0276810085502704,-0.0251268007548461,-0.026719082926072,-0.0276810085502704,-0.0251268007548461,7.55692945586362e-10,-1,0,50,0,1.13353941837954e-08,1,2.83384854594886e-07,1,1,1
13,15,SSIM,SSIM,CF-DAS,DMAS,0.386245772035108,0.36513410417064,0.401900850588648,0.386245772035108,0.36513410417064,0.401900850588648,7.55692945586362e-10,1,50,0,0,1.13353941837954e-08,1,2.83384854594886e-07,1,1,1
13,15,SSIM,SSIM,CF-DAS,DS-DMAS,-0.00214344398493699,-0.00327731288011651,-0.000195067720838937,-0.00214344398493699,-0.00327731288011651,-0.000195067720838937,0.097815558211496,-0.269019607843137,18,32,0,0.195631116422992,0,1,0,1,0
13,15,SSIM,SSIM,CF-DAS,TR,0.227996504920487,0.226119967637905,0.228968622000188,0.227996504920487,0.226119967637905,0.228968622000188,7.55692945586362e-10,1,50,0,0,1.13353941837954e-08,1,2.83384854594886e-07,1,1,1
13,15,SSIM,SSIM,SCF-DAS,DMAS,0.41454251401641,0.391806756255732,0.428030665470803,0.41454251401641,0.391806756255732,0.428030665470803,7.55692945586362e-10,1,50,0,0,1.13353941837954e-08,1,2.83384854594886e-07,1,1,1
13,15,SSIM,SSIM,SCF-DAS,DS-DMAS,0.0248928321043355,0.0238941035450845,0.0262165155881765,0.0248928321043355,0.0238941035450845,0.0262165155881765,7.55692945586362e-10,1,50,0,0,1.13353941837954e-08,1,2.83384854594886e-07,1,1,1
13,15,SSIM,SSIM,SCF-DAS,TR,0.253858383288616,0.252007688010665,0.255453414081589,0.253858383288616,0.252007688010665,0.255453414081589,7.55692945586362e-10,1,50,0,0,1.13353941837954e-08,1,2.83384854594886e-07,1,1,1
13,15,SSIM,SSIM,DMAS,DS-DMAS,-0.392073115924222,-0.402432826963363,-0.368094006295012,-0.392073115924222,-0.402432826963363,-0.368094006295012,7.55692945586362e-10,-1,0,50,0,1.13353941837954e-08,1,2.83384854594886e-07,1,1,1
13,15,SSIM,SSIM,DMAS,TR,-0.156807437104807,-0.175660900437429,-0.144651877771565,-0.156807437104807,-0.175660900437429,-0.144651877771565,7.55692945586362e-10,-1,0,50,0,1.13353941837954e-08,1,2.83384854594886e-07,1,1,1
13,15,SSIM,SSIM,DS-DMAS,TR,0.228790627437382,0.226559883357804,0.230626584025416,0.228790627437382,0.226559883357804,0.230626584025416,7.55692945586362e-10,1,50,0,0,1.13353941837954e-08,1,2.83384854594886e-07,1,1,1
14,15,CNR,CNR,DAS,CF-DAS,1.08738022163048,1.03000465300955,1.12215050400068,1.08738022163048,1.03000465300955,1.12215050400068,7.55692945586362e-10,1,50,0,0,1.13353941837954e-08,1,2.83384854594886e-07,1,1,1
14,15,CNR,CNR,DAS,SCF-DAS,1.83117187173729,1.80527938770445,1.86865445511774,1.83117187173729,1.80527938770445,1.86865445511774,7.55692945586362e-10,1,50,0,0,1.13353941837954e-08,1,2.83384854594886e-07,1,1,1
14,15,CNR,CNR,DAS,DMAS,1.4861168734969,1.44475131062577,1.53819984145342,1.4861168734969,1.44475131062577,1.53819984145342,7.55692945586362e-10,1,50,0,0,1.13353941837954e-08,1,2.83384854594886e-07,1,1,1
14,15,CNR,CNR,DAS,DS-DMAS,1.75244959526632,1.72261167485368,1.78382443260875,1.75244959526632,1.72261167485368,1.78382443260875,7.55692945586362e-10,1,50,0,0,1.13353941837954e-08,1,2.83384854594886e-07,1,1,1
14,15,CNR,CNR,DAS,TR,-0.13237528422217,-0.16755234577822,-0.10362787359234,-0.13237528422217,-0.16755234577822,-0.10362787359234,6.75946987393381e-09,-0.941960784313726,6,44,0,1.13353941837954e-08,1,2.83384854594886e-07,1,1,1
14,15,CNR,CNR,CF-DAS,SCF-DAS,0.743299090065477,0.724296295499875,0.777924853548241,0.743299090065477,0.724296295499875,0.777924853548241,7.55692945586362e-10,1,50,0,0,1.13353941837954e-08,1,2.83384854594886e-07,1,1,1
14,15,CNR,CNR,CF-DAS,DMAS,0.407465600032296,0.381724960133278,0.420034284464393,0.407465600032296,0.381724960133278,0.420034284464393,7.55692945586362e-10,1,50,0,0,1.13353941837954e-08,1,2.83384854594886e-07,1,1,1
14,15,CNR,CNR,CF-DAS,DS-DMAS,0.656725475404103,0.640293995495129,0.706491997070531,0.656725475404103,0.640293995495129,0.706491997070531,7.55692945586362e-10,1,50,0,0,1.13353941837954e-08,1,2.83384854594886e-07,1,1,1
14,15,CNR,CNR,CF-DAS,TR,-1.2252869271591,-1.26055022107703,-1.19497366786329,-1.2252869271591,-1.26055022107703,-1.19497366786329,7.55692945586362e-10,-1,0,50,0,1.13353941837954e-08,1,2.83384854594886e-07,1,1,1
14,15,CNR,CNR,SCF-DAS,DMAS,-0.339206161452306,-0.362341427930139,-0.315368643300457,-0.339206161452306,-0.362341427930139,-0.315368643300457,7.55692945586362e-10,-1,0,50,0,1.13353941837954e-08,1,2.83384854594886e-07,1,1,1
14,15,CNR,CNR,SCF-DAS,DS-DMAS,-0.079973782112704,-0.084370284316507,-0.0782534390103795,-0.079973782112704,-0.084370284316507,-0.0782534390103795,7.55692945586362e-10,-1,0,50,0,1.13353941837954e-08,1,2.83384854594886e-07,1,1,1
14,15,CNR,CNR,SCF-DAS,TR,-1.97514691469428,-1.9855345772917,-1.96559757626327,-1.97514691469428,-1.9855345772917,-1.96559757626327,7.55692945586362e-10,-1,0,50,0,1.13353941837954e-08,1,2.83384854594886e-07,1,1,1
14,15,CNR,CNR,DMAS,DS-DMAS,0.270275415275755,0.23749677705729,0.280581757509168,0.270275415275755,0.23749677705729,0.280581757509168,7.55692945586362e-10,1,50,0,0,1.13353941837954e-08,1,2.83384854594886e-07,1,1,1
14,15,CNR,CNR,DMAS,TR,-1.62230258618953,-1.65592364750146,-1.60948194084946,-1.62230258618953,-1.65592364750146,-1.60948194084946,7.55692945586362e-10,-1,0,50,0,1.13353941837954e-08,1,2.83384854594886e-07,1,1,1
14,15,CNR,CNR,DS-DMAS,TR,-1.89333164202464,-1.90132517264457,-1.88683699207426,-1.89333164202464,-1.90132517264457,-1.88683699207426,7.55692945586362e-10,-1,0,50,0,1.13353941837954e-08,1,2.83384854594886e-07,1,1,1
15,15,SBR_dB,SBR,DAS,CF-DAS,-8.58948807534605,-8.8634831755762,-8.1653108054442,-8.58948807534605,-8.8634831755762,-8.1653108054442,7.55692945586362e-10,-1,0,50,0,1.13353941837954e-08,1,2.83384854594886e-07,1,1,1
15,15,SBR_dB,SBR,DAS,SCF-DAS,-13.9648021226726,-14.1712652536935,-13.1945610144893,-13.9648021226726,-14.1712652536935,-13.1945610144893,7.55692945586362e-10,-1,0,50,0,1.13353941837954e-08,1,2.83384854594886e-07,1,1,1
15,15,SBR_dB,SBR,DAS,DMAS,-3.48976633742555,-3.6181918323465,-3.2598562766306,-3.48976633742555,-3.6181918323465,-3.2598562766306,7.55692945586362e-10,-1,0,50,0,1.13353941837954e-08,1,2.83384854594886e-07,1,1,1
15,15,SBR_dB,SBR,DAS,DS-DMAS,-5.0839577524371,-5.4433393144806,-4.6340047407108,-5.0839577524371,-5.4433393144806,-4.6340047407108,7.55692945586362e-10,-1,0,50,0,1.13353941837954e-08,1,2.83384854594886e-07,1,1,1
15,15,SBR_dB,SBR,DAS,TR,0.799938787476949,0.7281585834433,0.897592410561099,0.799938787476949,0.7281585834433,0.897592410561099,7.55692945586362e-10,1,50,0,0,1.13353941837954e-08,1,2.83384854594886e-07,1,1,1
15,15,SBR_dB,SBR,CF-DAS,SCF-DAS,-5.1590672976843,-5.7802835438357,-4.6780564484278,-5.1590672976843,-5.7802835438357,-4.6780564484278,8.03109090704699e-10,-0.99843137254902,1,49,0,1.13353941837954e-08,1,2.83384854594886e-07,1,1,1
15,15,SBR_dB,SBR,CF-DAS,DMAS,5.18003734092195,4.7918089456605,5.32484152448645,5.18003734092195,4.7918089456605,5.32484152448645,7.55692945586362e-10,1,50,0,0,1.13353941837954e-08,1,2.83384854594886e-07,1,1,1
15,15,SBR_dB,SBR,CF-DAS,DS-DMAS,3.4817974348989,3.07569578914365,3.90605518370205,3.4817974348989,3.07569578914365,3.90605518370205,7.55692945586362e-10,1,50,0,0,1.13353941837954e-08,1,2.83384854594886e-07,1,1,1
15,15,SBR_dB,SBR,CF-DAS,TR,9.4559364990577,8.9447050882243,9.7789588431992,9.4559364990577,8.9447050882243,9.7789588431992,7.55692945586362e-10,1,50,0,0,1.13353941837954e-08,1,2.83384854594886e-07,1,1,1
15,15,SBR_dB,SBR,SCF-DAS,DMAS,10.3521300846615,9.99600228845155,10.6300161125845,10.3521300846615,9.99600228845155,10.6300161125845,7.55692945586362e-10,1,50,0,0,1.13353941837954e-08,1,2.83384854594886e-07,1,1,1
15,15,SBR_dB,SBR,SCF-DAS,DS-DMAS,8.67319359277935,8.4182296306193,9.0439278058892,8.67319359277935,8.4182296306193,9.0439278058892,7.55692945586362e-10,1,50,0,0,1.13353941837954e-08,1,2.83384854594886e-07,1,1,1
15,15,SBR_dB,SBR,SCF-DAS,TR,14.6639568877661,14.1322950301225,15.071380089859,14.6639568877661,14.1322950301225,15.071380089859,7.55692945586362e-10,1,50,0,0,1.13353941837954e-08,1,2.83384854594886e-07,1,1,1
15,15,SBR_dB,SBR,DMAS,DS-DMAS,-1.58050751435275,-1.85287390326265,-1.387940482214,-1.58050751435275,-1.85287390326265,-1.387940482214,1.08724490615788e-09,-0.990588235294118,1,49,0,1.13353941837954e-08,1,2.83384854594886e-07,1,1,1
15,15,SBR_dB,SBR,DMAS,TR,4.23144649572595,4.1687481295696,4.3715294090595,4.23144649572595,4.1687481295696,4.3715294090595,7.55692945586362e-10,1,50,0,0,1.13353941837954e-08,1,2.83384854594886e-07,1,1,1
15,15,SBR_dB,SBR,DS-DMAS,TR,5.9002541704146,5.40657152888365,6.35965955523155,5.9002541704146,5.40657152888365,6.35965955523155,7.55692945586362e-10,1,50,0,0,1.13353941837954e-08,1,2.83384854594886e-07,1,1,1
16,20,SI_NRMSE,SI-NRMSE,DAS,CF-DAS,-0.015545899263934,-0.021531003491182,-0.00671876911434699,0.015545899263934,0.00671876911434699,0.021531003491182,1.3688319850648e-05,0.706666666666667,40,10,0,2.73766397012961e-05,1,0.000301143036714257,1,1,1
16,20,SI_NRMSE,SI-NRMSE,DAS,SCF-DAS,-0.267808005531917,-0.270150835284519,-0.264478132102824,0.267808005531917,0.264478132102824,0.270150835284519,7.55692945586362e-10,1,50,0,0,1.13353941837954e-08,1,2.83384854594886e-07,1,1,1
16,20,SI_NRMSE,SI-NRMSE,DAS,DMAS,-0.181104746679385,-0.186367031125437,-0.175406705726429,0.181104746679385,0.175406705726429,0.186367031125437,7.55692945586362e-10,1,50,0,0,1.13353941837954e-08,1,2.83384854594886e-07,1,1,1
16,20,SI_NRMSE,SI-NRMSE,DAS,DS-DMAS,-0.247981928916018,-0.25107401584676,-0.244194006598326,0.247981928916018,0.244194006598326,0.25107401584676,7.55692945586362e-10,1,50,0,0,1.13353941837954e-08,1,2.83384854594886e-07,1,1,1
16,20,SI_NRMSE,SI-NRMSE,DAS,TR,-0.0181014391402285,-0.021408070190187,-0.0136312568168,0.0181014391402285,0.0136312568168,0.021408070190187,1.77422156320191e-08,0.915294117647059,43,7,0,5.32266468960572e-08,1,6.03235331488649e-07,1,1,1
16,20,SI_NRMSE,SI-NRMSE,CF-DAS,SCF-DAS,-0.250272195213399,-0.261786382531418,-0.242642513424564,0.250272195213399,0.242642513424564,0.261786382531418,7.55692945586362e-10,1,50,0,0,1.13353941837954e-08,1,2.83384854594886e-07,1,1,1
16,20,SI_NRMSE,SI-NRMSE,CF-DAS,DMAS,-0.159783057355328,-0.17029096632936,-0.15540938078141,0.159783057355328,0.15540938078141,0.17029096632936,7.55692945586362e-10,1,50,0,0,1.13353941837954e-08,1,2.83384854594886e-07,1,1,1
16,20,SI_NRMSE,SI-NRMSE,CF-DAS,DS-DMAS,-0.229158940888105,-0.241668911537961,-0.222120642387048,0.229158940888105,0.222120642387048,0.241668911537961,7.55692945586362e-10,1,50,0,0,1.13353941837954e-08,1,2.83384854594886e-07,1,1,1
16,20,SI_NRMSE,SI-NRMSE,CF-DAS,TR,-0.00138507949348549,-0.0136285664591531,0.00849682945384393,0.00138507949348549,-0.00849682945384396,0.0136285664591531,0.85826305868328,-0.0290196078431373,27,23,0,0.85826305868328,0,1,0,1,0
16,20,SI_NRMSE,SI-NRMSE,SCF-DAS,DMAS,0.086184476568047,0.079079651427848,0.0914503535376751,-0.086184476568047,-0.0914503535376751,-0.0790796514278481,7.55692945586362e-10,-1,0,50,0,1.13353941837954e-08,1,2.83384854594886e-07,1,1,1
16,20,SI_NRMSE,SI-NRMSE,SCF-DAS,DS-DMAS,0.0192618232748725,0.0182861814219756,0.020050668054173,-0.0192618232748725,-0.020050668054173,-0.0182861814219756,7.55692945586362e-10,-1,0,50,0,1.13353941837954e-08,1,2.83384854594886e-07,1,1,1
16,20,SI_NRMSE,SI-NRMSE,SCF-DAS,TR,0.249229301224812,0.247849412582455,0.25136900461171,-0.249229301224812,-0.25136900461171,-0.247849412582455,7.55692945586362e-10,-1,0,50,0,1.13353941837954e-08,1,2.83384854594886e-07,1,1,1
16,20,SI_NRMSE,SI-NRMSE,DMAS,DS-DMAS,-0.069441972925249,-0.0726710185105725,-0.060982331629073,0.069441972925249,0.060982331629073,0.0726710185105725,7.55692945586362e-10,1,50,0,0,1.13353941837954e-08,1,2.83384854594886e-07,1,1,1
16,20,SI_NRMSE,SI-NRMSE,DMAS,TR,0.163953664816493,0.15729469112351,0.169518394009084,-0.163953664816493,-0.169518394009084,-0.15729469112351,7.55692945586362e-10,-1,0,50,0,1.13353941837954e-08,1,2.83384854594886e-07,1,1,1
16,20,SI_NRMSE,SI-NRMSE,DS-DMAS,TR,0.229915384897271,0.227623636848937,0.23250855774106,-0.229915384897271,-0.23250855774106,-0.227623636848937,7.55692945586362e-10,-1,0,50,0,1.13353941837954e-08,1,2.83384854594886e-07,1,1,1
17,20,Correlation,Correlation,DAS,CF-DAS,0.0242140333914225,0.015217219655956,0.030901263846586,0.0242140333914225,0.015217219655956,0.030901263846586,3.45132195883368e-08,0.896470588235294,44,6,0,1.03539658765011e-07,1,1.10442302682678e-06,1,1,1
17,20,Correlation,Correlation,DAS,SCF-DAS,0.416008478196286,0.410657194652396,0.423023218054726,0.416008478196286,0.410657194652396,0.423023218054726,7.55692945586362e-10,1,50,0,0,1.13353941837954e-08,1,2.83384854594886e-07,1,1,1
17,20,Correlation,Correlation,DAS,DMAS,0.232532494205541,0.228263213307238,0.239771216241144,0.232532494205541,0.228263213307238,0.239771216241144,7.55692945586362e-10,1,50,0,0,1.13353941837954e-08,1,2.83384854594886e-07,1,1,1
17,20,Correlation,Correlation,DAS,DS-DMAS,0.37608070308186,0.371923995770321,0.380813118847204,0.37608070308186,0.371923995770321,0.380813118847204,7.55692945586362e-10,1,50,0,0,1.13353941837954e-08,1,2.83384854594886e-07,1,1,1
17,20,Correlation,Correlation,DAS,TR,0.015281141981592,0.0103074660164629,0.0180902521430221,0.015281141981592,0.0103074660164629,0.0180902521430221,9.63712911922851e-08,0.866666666666667,41,9,0,1.9274258238457e-07,1,2.69839615338398e-06,1,1,1
17,20,Correlation,Correlation,CF-DAS,SCF-DAS,0.392145192436566,0.381026935764974,0.401236487806537,0.392145192436566,0.381026935764974,0.401236487806537,7.55692945586362e-10,1,50,0,0,1.13353941837954e-08,1,2.83384854594886e-07,1,1,1
17,20,Correlation,Correlation,CF-DAS,DMAS,0.211866198843681,0.20322737566897,0.216406714736778,0.211866198843681,0.20322737566897,0.216406714736778,7.55692945586362e-10,1,50,0,0,1.13353941837954e-08,1,2.83384854594886e-07,1,1,1
17,20,Correlation,Correlation,CF-DAS,DS-DMAS,0.352686563104394,0.34255174452342,0.36179002144163,0.352686563104394,0.34255174452342,0.36179002144163,7.55692945586362e-10,1,50,0,0,1.13353941837954e-08,1,2.83384854594886e-07,1,1,1
17,20,Correlation,Correlation,CF-DAS,TR,-0.00921312835227706,-0.0190135663625255,0.00282899154711957,-0.00921312835227706,-0.0190135663625255,0.00282899154711957,0.00504294878936762,-0.455686274509804,20,30,0,0.00504294878936762,1,0.0664859690842469,0,1,1
17,20,Correlation,Correlation,SCF-DAS,DMAS,-0.180891893796092,-0.19022425683994,-0.171902635959306,-0.180891893796092,-0.19022425683994,-0.171902635959306,7.55692945586362e-10,-1,0,50,0,1.13353941837954e-08,1,2.83384854594886e-07,1,1,1
17,20,Correlation,Correlation,SCF-DAS,DS-DMAS,-0.0405116690601765,-0.0428414649931695,-0.0378811857795875,-0.0405116690601765,-0.0428414649931695,-0.0378811857795875,7.55692945586362e-10,-1,0,50,0,1.13353941837954e-08,1,2.83384854594886e-07,1,1,1
17,20,Correlation,Correlation,SCF-DAS,TR,-0.403834929643602,-0.408930174451388,-0.397492109986354,-0.403834929643602,-0.408930174451388,-0.397492109986354,7.55692945586362e-10,-1,0,50,0,1.13353941837954e-08,1,2.83384854594886e-07,1,1,1
17,20,Correlation,Correlation,DMAS,DS-DMAS,0.146264114322202,0.133901988608495,0.153544034367379,0.146264114322202,0.133901988608495,0.153544034367379,7.55692945586362e-10,1,50,0,0,1.13353941837954e-08,1,2.83384854594886e-07,1,1,1
17,20,Correlation,Correlation,DMAS,TR,-0.220112938602173,-0.232140858568996,-0.212053724799306,-0.220112938602173,-0.232140858568996,-0.212053724799306,7.55692945586362e-10,-1,0,50,0,1.13353941837954e-08,1,2.83384854594886e-07,1,1,1
17,20,Correlation,Correlation,DS-DMAS,TR,-0.363013804807224,-0.370124895323382,-0.357416292392693,-0.363013804807224,-0.370124895323382,-0.357416292392693,7.55692945586362e-10,-1,0,50,0,1.13353941837954e-08,1,2.83384854594886e-07,1,1,1
18,20,SSIM,SSIM,DAS,CF-DAS,-0.177282233632178,-0.185186259539515,-0.171301196730718,-0.177282233632178,-0.185186259539515,-0.171301196730718,7.55692945586362e-10,-1,0,50,0,1.13353941837954e-08,1,2.83384854594886e-07,1,1,1
18,20,SSIM,SSIM,DAS,SCF-DAS,-0.203430859318008,-0.208583788390344,-0.197414305795905,-0.203430859318008,-0.208583788390344,-0.197414305795905,7.55692945586362e-10,-1,0,50,0,1.13353941837954e-08,1,2.83384854594886e-07,1,1,1
18,20,SSIM,SSIM,DAS,DMAS,0.195572619254237,0.184527228653493,0.205249217348173,0.195572619254237,0.184527228653493,0.205249217348173,7.55692945586362e-10,1,50,0,0,1.13353941837954e-08,1,2.83384854594886e-07,1,1,1
18,20,SSIM,SSIM,DAS,DS-DMAS,-0.178483804126557,-0.181395717706281,-0.172768864709666,-0.178483804126557,-0.181395717706281,-0.172768864709666,7.55692945586362e-10,-1,0,50,0,1.13353941837954e-08,1,2.83384854594886e-07,1,1,1
18,20,SSIM,SSIM,DAS,TR,0.042614945663399,0.0367520244617839,0.045679275598368,0.042614945663399,0.0367520244617839,0.045679275598368,7.55692945586362e-10,1,50,0,0,1.13353941837954e-08,1,2.83384854594886e-07,1,1,1
18,20,SSIM,SSIM,CF-DAS,SCF-DAS,-0.0261416470197115,-0.0269686077446549,-0.0244917531118629,-0.0261416470197115,-0.0269686077446549,-0.0244917531118629,7.55692945586362e-10,-1,0,50,0,1.13353941837954e-08,1,2.83384854594886e-07,1,1,1
18,20,SSIM,SSIM,CF-DAS,DMAS,0.377748529286985,0.356819708769539,0.393187151640043,0.377748529286985,0.356819708769539,0.393187151640043,7.55692945586362e-10,1,50,0,0,1.13353941837954e-08,1,2.83384854594886e-07,1,1,1
18,20,SSIM,SSIM,CF-DAS,DS-DMAS,-0.000266032754664469,-0.00160286977450147,0.00206400168752102,-0.000266032754664469,-0.00160286977450147,0.00206400168752102,0.612297170009923,0.0823529411764706,24,26,0,0.612297170009923,0,1,0,1,0
18,20,SSIM,SSIM,CF-DAS,TR,0.220004733742671,0.218850762537675,0.221397037391833,0.220004733742671,0.218850762537675,0.221397037391833,7.55692945586362e-10,1,50,0,0,1.13353941837954e-08,1,2.83384854594886e-07,1,1,1
18,20,SSIM,SSIM,SCF-DAS,DMAS,0.405523161320381,0.382454022410395,0.416652742665498,0.405523161320381,0.382454022410395,0.416652742665498,7.55692945586362e-10,1,50,0,0,1.13353941837954e-08,1,2.83384854594886e-07,1,1,1
18,20,SSIM,SSIM,SCF-DAS,DS-DMAS,0.025839800265451,0.02466815619785,0.027516320465499,0.025839800265451,0.02466815619785,0.027516320465499,7.55692945586362e-10,1,50,0,0,1.13353941837954e-08,1,2.83384854594886e-07,1,1,1
18,20,SSIM,SSIM,SCF-DAS,TR,0.245454864717585,0.243613272755564,0.247078709299483,0.245454864717585,0.243613272755564,0.247078709299483,7.55692945586362e-10,1,50,0,0,1.13353941837954e-08,1,2.83384854594886e-07,1,1,1
18,20,SSIM,SSIM,DMAS,DS-DMAS,-0.381377342419877,-0.392155741612902,-0.359089036783148,-0.381377342419877,-0.392155741612902,-0.359089036783148,7.55692945586362e-10,-1,0,50,0,1.13353941837954e-08,1,2.83384854594886e-07,1,1,1
18,20,SSIM,SSIM,DMAS,TR,-0.156072296972803,-0.173407129965358,-0.144245460927796,-0.156072296972803,-0.173407129965358,-0.144245460927796,7.55692945586362e-10,-1,0,50,0,1.13353941837954e-08,1,2.83384854594886e-07,1,1,1
18,20,SSIM,SSIM,DS-DMAS,TR,0.219404617336302,0.217176094411952,0.220848886634647,0.219404617336302,0.217176094411952,0.220848886634647,7.55692945586362e-10,1,50,0,0,1.13353941837954e-08,1,2.83384854594886e-07,1,1,1
19,20,CNR,CNR,DAS,CF-DAS,1.0884377062188,1.03045651453435,1.125544570429,1.0884377062188,1.03045651453435,1.125544570429,7.55692945586362e-10,1,50,0,0,1.13353941837954e-08,1,2.83384854594886e-07,1,1,1
19,20,CNR,CNR,DAS,SCF-DAS,1.83017000500539,1.8068796455892,1.87245450150451,1.83017000500539,1.8068796455892,1.87245450150451,7.55692945586362e-10,1,50,0,0,1.13353941837954e-08,1,2.83384854594886e-07,1,1,1
19,20,CNR,CNR,DAS,DMAS,1.49241792690145,1.45189808077552,1.54471952794786,1.49241792690145,1.45189808077552,1.54471952794786,7.55692945586362e-10,1,50,0,0,1.13353941837954e-08,1,2.83384854594886e-07,1,1,1
19,20,CNR,CNR,DAS,DS-DMAS,1.75285137753723,1.73605352949891,1.79445015911267,1.75285137753723,1.73605352949891,1.79445015911267,7.55692945586362e-10,1,50,0,0,1.13353941837954e-08,1,2.83384854594886e-07,1,1,1
19,20,CNR,CNR,DAS,TR,-0.130452044486325,-0.16825604542587,-0.1017077267649,-0.130452044486325,-0.16825604542587,-0.1017077267649,8.02968346961793e-09,-0.937254901960784,6,44,0,1.13353941837954e-08,1,2.97098288375863e-07,1,1,1
19,20,CNR,CNR,CF-DAS,SCF-DAS,0.742349048432844,0.720828647252821,0.77789929249883,0.742349048432844,0.720828647252821,0.77789929249883,7.55692945586362e-10,1,50,0,0,1.13353941837954e-08,1,2.83384854594886e-07,1,1,1
19,20,CNR,CNR,CF-DAS,DMAS,0.411224775205263,0.385605933443511,0.425973193384627,0.411224775205263,0.385605933443511,0.425973193384627,7.55692945586362e-10,1,50,0,0,1.13353941837954e-08,1,2.83384854594886e-07,1,1,1
19,20,CNR,CNR,CF-DAS,DS-DMAS,0.65632200551249,0.641338210842436,0.70790850647572,0.65632200551249,0.641338210842436,0.70790850647572,7.55692945586362e-10,1,50,0,0,1.13353941837954e-08,1,2.83384854594886e-07,1,1,1
19,20,CNR,CNR,CF-DAS,TR,-1.22399680891866,-1.26241303687747,-1.19573647963927,-1.22399680891866,-1.26241303687747,-1.19573647963927,7.55692945586362e-10,-1,0,50,0,1.13353941837954e-08,1,2.83384854594886e-07,1,1,1
19,20,CNR,CNR,SCF-DAS,DMAS,-0.332896236336276,-0.355177389675118,-0.310837430381295,-0.332896236336276,-0.355177389675118,-0.310837430381295,7.55692945586362e-10,-1,0,50,0,1.13353941837954e-08,1,2.83384854594886e-07,1,1,1
19,20,CNR,CNR,SCF-DAS,DS-DMAS,-0.0778290738911365,-0.081679084215301,-0.075937746005759,-0.0778290738911365,-0.081679084215301,-0.075937746005759,7.55692945586362e-10,-1,0,50,0,1.13353941837954e-08,1,2.83384854594886e-07,1,1,1
19,20,CNR,CNR,SCF-DAS,TR,-1.97135436007633,-1.98453887963959,-1.96542331275769,-1.97135436007633,-1.98453887963959,-1.96542331275769,7.55692945586362e-10,-1,0,50,0,1.13353941837954e-08,1,2.83384854594886e-07,1,1,1
19,20,CNR,CNR,DMAS,DS-DMAS,0.267047652150291,0.233296606237228,0.276393309584247,0.267047652150291,0.233296606237228,0.276393309584247,7.55692945586362e-10,1,50,0,0,1.13353941837954e-08,1,2.83384854594886e-07,1,1,1
19,20,CNR,CNR,DMAS,TR,-1.62864296836296,-1.66051322713293,-1.61425252738521,-1.62864296836296,-1.66051322713293,-1.61425252738521,7.55692945586362e-10,-1,0,50,0,1.13353941837954e-08,1,2.83384854594886e-07,1,1,1
19,20,CNR,CNR,DS-DMAS,TR,-1.89363850651105,-1.90337998091302,-1.8860162915517,-1.89363850651105,-1.90337998091302,-1.8860162915517,7.55692945586362e-10,-1,0,50,0,1.13353941837954e-08,1,2.83384854594886e-07,1,1,1
20,20,SBR_dB,SBR,DAS,CF-DAS,-8.5769255189901,-8.8423012261723,-8.1179285755844,-8.5769255189901,-8.8423012261723,-8.1179285755844,7.55692945586362e-10,-1,0,50,0,1.13353941837954e-08,1,2.83384854594886e-07,1,1,1
20,20,SBR_dB,SBR,DAS,SCF-DAS,-13.6119001254016,-14.0592701120502,-12.9488305012267,-13.6119001254016,-14.0592701120502,-12.9488305012267,7.55692945586362e-10,-1,0,50,0,1.13353941837954e-08,1,2.83384854594886e-07,1,1,1
20,20,SBR_dB,SBR,DAS,DMAS,-3.42595617283095,-3.5460299681631,-3.1858540200937,-3.42595617283095,-3.5460299681631,-3.1858540200937,7.55692945586362e-10,-1,0,50,0,1.13353941837954e-08,1,2.83384854594886e-07,1,1,1
20,20,SBR_dB,SBR,DAS,DS-DMAS,-4.98421865123815,-5.2806793794747,-4.55018066664805,-4.98421865123815,-5.2806793794747,-4.55018066664805,7.55692945586362e-10,-1,0,50,0,1.13353941837954e-08,1,2.83384854594886e-07,1,1,1
20,20,SBR_dB,SBR,DAS,TR,0.836539476608701,0.7667384996178,0.935140690182132,0.836539476608701,0.7667384996178,0.935140690182132,7.55692945586362e-10,1,50,0,0,1.13353941837954e-08,1,2.83384854594886e-07,1,1,1
20,20,SBR_dB,SBR,CF-DAS,SCF-DAS,-4.8534030183973,-5.7802247265418,-4.37415160694725,-4.8534030183973,-5.7802247265418,-4.37415160694725,8.03109090704699e-10,-0.99843137254902,1,49,0,1.13353941837954e-08,1,2.83384854594886e-07,1,1,1
20,20,SBR_dB,SBR,CF-DAS,DMAS,5.2261633120318,4.802594364024,5.39463540605265,5.2261633120318,4.802594364024,5.39463540605265,7.55692945586362e-10,1,50,0,0,1.13353941837954e-08,1,2.83384854594886e-07,1,1,1
20,20,SBR_dB,SBR,CF-DAS,DS-DMAS,3.5346035775316,3.1825172484377,4.0083750525821,3.5346035775316,3.1825172484377,4.0083750525821,7.55692945586362e-10,1,50,0,0,1.13353941837954e-08,1,2.83384854594886e-07,1,1,1
20,20,SBR_dB,SBR,CF-DAS,TR,9.4455244514389,8.9298739954809,9.7984164466093,9.4455244514389,8.9298739954809,9.7984164466093,7.55692945586362e-10,1,50,0,0,1.13353941837954e-08,1,2.83384854594886e-07,1,1,1
20,20,SBR_dB,SBR,SCF-DAS,DMAS,10.1541564618995,9.8200157139604,10.5574932433377,10.1541564618995,9.8200157139604,10.5574932433377,7.55692945586362e-10,1,50,0,0,1.13353941837954e-08,1,2.83384854594886e-07,1,1,1
20,20,SBR_dB,SBR,SCF-DAS,DS-DMAS,8.51738470304895,8.32321756340085,8.8615876927807,8.51738470304895,8.32321756340085,8.8615876927807,7.55692945586362e-10,1,50,0,0,1.13353941837954e-08,1,2.83384854594886e-07,1,1,1
20,20,SBR_dB,SBR,SCF-DAS,TR,14.5570830472308,14.0130477962038,14.9462639344276,14.5570830472308,14.0130477962038,14.9462639344276,7.55692945586362e-10,1,50,0,0,1.13353941837954e-08,1,2.83384854594886e-07,1,1,1
20,20,SBR_dB,SBR,DMAS,DS-DMAS,-1.5193690601823,-1.76550623912485,-1.34210858404565,-1.5193690601823,-1.76550623912485,-1.34210858404565,1.30252106404801e-09,-0.985882352941176,1,49,0,1.13353941837954e-08,1,2.83384854594886e-07,1,1,1
20,20,SBR_dB,SBR,DMAS,TR,4.20207772792355,4.11986299636835,4.3414422830013,4.20207772792355,4.11986299636835,4.3414422830013,7.55692945586362e-10,1,50,0,0,1.13353941837954e-08,1,2.83384854594886e-07,1,1,1
20,20,SBR_dB,SBR,DS-DMAS,TR,5.8071699716539,5.3213171259128,6.2741049701175,5.8071699716539,5.3213171259128,6.2741049701175,7.55692945586362e-10,1,50,0,0,1.13353941837954e-08,1,2.83384854594886e-07,1,1,1
21,30,SI_NRMSE,SI-NRMSE,DAS,CF-DAS,-0.015928550955554,-0.022724309556209,-0.00688154395822493,0.015928550955554,0.00688154395822493,0.022724309556209,8.77550818257476e-06,0.722352941176471,40,10,0,1.75510163651495e-05,1,0.00020183668819922,1,1,1
21,30,SI_NRMSE,SI-NRMSE,DAS,SCF-DAS,-0.268398999239347,-0.270662026239966,-0.264674558228965,0.268398999239347,0.264674558228965,0.270662026239966,7.55692945586362e-10,1,50,0,0,1.13353941837954e-08,1,2.83384854594886e-07,1,1,1
21,30,SI_NRMSE,SI-NRMSE,DAS,DMAS,-0.181016403336421,-0.185767939757615,-0.174925840320474,0.181016403336421,0.174925840320474,0.185767939757615,7.55692945586362e-10,1,50,0,0,1.13353941837954e-08,1,2.83384854594886e-07,1,1,1
21,30,SI_NRMSE,SI-NRMSE,DAS,DS-DMAS,-0.248502726050141,-0.250871759163888,-0.244332702641806,0.248502726050141,0.244332702641806,0.250871759163888,7.55692945586362e-10,1,50,0,0,1.13353941837954e-08,1,2.83384854594886e-07,1,1,1
21,30,SI_NRMSE,SI-NRMSE,DAS,TR,-0.0186651886620181,-0.0219606262662581,-0.01442339701096,0.0186651886620181,0.01442339701096,0.0219606262662581,1.41716969148695e-08,0.92156862745098,44,6,0,4.25150907446086e-08,1,4.96009392020434e-07,1,1,1
21,30,SI_NRMSE,SI-NRMSE,CF-DAS,SCF-DAS,-0.249719492072686,-0.26152303090674,-0.242416317202326,0.249719492072686,0.242416317202326,0.26152303090674,7.55692945586362e-10,1,50,0,0,1.13353941837954e-08,1,2.83384854594886e-07,1,1,1
21,30,SI_NRMSE,SI-NRMSE,CF-DAS,DMAS,-0.159670368784365,-0.169681139907515,-0.155583281906171,0.159670368784365,0.155583281906171,0.169681139907515,7.55692945586362e-10,1,50,0,0,1.13353941837954e-08,1,2.83384854594886e-07,1,1,1
21,30,SI_NRMSE,SI-NRMSE,CF-DAS,DS-DMAS,-0.229201587460375,-0.241443461018257,-0.222080597178508,0.229201587460375,0.222080597178508,0.241443461018257,7.55692945586362e-10,1,50,0,0,1.13353941837954e-08,1,2.83384854594886e-07,1,1,1
21,30,SI_NRMSE,SI-NRMSE,CF-DAS,TR,-0.00175060923825254,-0.0133613893348956,0.00800066334126803,0.00175060923825254,-0.00800066334126803,0.0133613893348956,0.873448987797753,-0.0258823529411765,27,23,0,0.873448987797753,0,1,0,1,0
21,30,SI_NRMSE,SI-NRMSE,SCF-DAS,DMAS,0.0871299672464865,0.0799427059323969,0.0917900825268735,-0.0871299672464865,-0.0917900825268735,-0.0799427059323969,7.55692945586362e-10,-1,0,50,0,1.13353941837954e-08,1,2.83384854594886e-07,1,1,1
21,30,SI_NRMSE,SI-NRMSE,SCF-DAS,DS-DMAS,0.0190177699302875,0.0179321416503651,0.0207887903795675,-0.0190177699302875,-0.0207887903795675,-0.0179321416503651,7.55692945586362e-10,-1,0,50,0,1.13353941837954e-08,1,2.83384854594886e-07,1,1,1
21,30,SI_NRMSE,SI-NRMSE,SCF-DAS,TR,0.249465070349985,0.247262879797149,0.250678872737002,-0.249465070349985,-0.250678872737002,-0.247262879797149,7.55692945586362e-10,-1,0,50,0,1.13353941837954e-08,1,2.83384854594886e-07,1,1,1
21,30,SI_NRMSE,SI-NRMSE,DMAS,DS-DMAS,-0.0700670893578925,-0.073315519759563,-0.0622423801375109,0.0700670893578925,0.0622423801375109,0.073315519759563,7.55692945586362e-10,1,50,0,0,1.13353941837954e-08,1,2.83384854594886e-07,1,1,1
21,30,SI_NRMSE,SI-NRMSE,DMAS,TR,0.163676683791551,0.155966282199535,0.167446922174181,-0.163676683791551,-0.167446922174181,-0.155966282199535,7.55692945586362e-10,-1,0,50,0,1.13353941837954e-08,1,2.83384854594886e-07,1,1,1
21,30,SI_NRMSE,SI-NRMSE,DS-DMAS,TR,0.229060391238805,0.227563845043222,0.232152763450337,-0.229060391238805,-0.232152763450337,-0.227563845043222,7.55692945586362e-10,-1,0,50,0,1.13353941837954e-08,1,2.83384854594886e-07,1,1,1
22,30,Correlation,Correlation,DAS,CF-DAS,0.024595716507768,0.015121951579026,0.031447562494709,0.024595716507768,0.015121951579026,0.031447562494709,2.92598769059258e-08,0.901176470588235,44,6,0,8.77796307177774e-08,1,9.65575937895551e-07,1,1,1
22,30,Correlation,Correlation,DAS,SCF-DAS,0.414817063775251,0.411369932002162,0.421044480967583,0.414817063775251,0.411369932002162,0.421044480967583,7.55692945586362e-10,1,50,0,0,1.13353941837954e-08,1,2.83384854594886e-07,1,1,1
22,30,Correlation,Correlation,DAS,DMAS,0.232016955762297,0.227698623355085,0.240398368169987,0.232016955762297,0.227698623355085,0.240398368169987,7.55692945586362e-10,1,50,0,0,1.13353941837954e-08,1,2.83384854594886e-07,1,1,1
22,30,Correlation,Correlation,DAS,DS-DMAS,0.376030830479013,0.371648117353733,0.379793601461869,0.376030830479013,0.371648117353733,0.379793601461869,7.55692945586362e-10,1,50,0,0,1.13353941837954e-08,1,2.83384854594886e-07,1,1,1
22,30,Correlation,Correlation,DAS,TR,0.015769522936985,0.010883869013136,0.0186364361172795,0.015769522936985,0.010883869013136,0.0186364361172795,6.99279291552167e-08,0.876078431372549,41,9,0,1.39855858310433e-07,1,2.02790994550128e-06,1,1,1
22,30,Correlation,Correlation,CF-DAS,SCF-DAS,0.392232241507808,0.379141524645534,0.400376785532184,0.392232241507808,0.379141524645534,0.400376785532184,7.55692945586362e-10,1,50,0,0,1.13353941837954e-08,1,2.83384854594886e-07,1,1,1
22,30,Correlation,Correlation,CF-DAS,DMAS,0.212247409908893,0.200447374819814,0.216148362833447,0.212247409908893,0.200447374819814,0.216148362833447,7.55692945586362e-10,1,50,0,0,1.13353941837954e-08,1,2.83384854594886e-07,1,1,1
22,30,Correlation,Correlation,CF-DAS,DS-DMAS,0.352030982783626,0.340676731474486,0.360371695118964,0.352030982783626,0.340676731474486,0.360371695118964,7.55692945586362e-10,1,50,0,0,1.13353941837954e-08,1,2.83384854594886e-07,1,1,1
22,30,Correlation,Correlation,CF-DAS,TR,-0.00883288849434399,-0.018550973512903,0.00283829276751396,-0.00883288849434399,-0.018550973512903,0.00283829276751396,0.00474899779173192,-0.458823529411765,19,31,0,0.00474899779173192,1,0.0664859690842469,0,1,1
22,30,Correlation,Correlation,SCF-DAS,DMAS,-0.182336284063888,-0.191083826271141,-0.17049043658243,-0.182336284063888,-0.191083826271141,-0.17049043658243,7.55692945586362e-10,-1,0,50,0,1.13353941837954e-08,1,2.83384854594886e-07,1,1,1
22,30,Correlation,Correlation,SCF-DAS,DS-DMAS,-0.041251268920649,-0.04370602426461,-0.037079065547317,-0.041251268920649,-0.04370602426461,-0.037079065547317,7.55692945586362e-10,-1,0,50,0,1.13353941837954e-08,1,2.83384854594886e-07,1,1,1
22,30,Correlation,Correlation,SCF-DAS,TR,-0.401853221304606,-0.407777427393315,-0.397928826537162,-0.401853221304606,-0.407777427393315,-0.397928826537162,7.55692945586362e-10,-1,0,50,0,1.13353941837954e-08,1,2.83384854594886e-07,1,1,1
22,30,Correlation,Correlation,DMAS,DS-DMAS,0.145942536491238,0.13211314753947,0.15226873633369,0.145942536491238,0.13211314753947,0.15226873633369,7.55692945586362e-10,1,50,0,0,1.13353941837954e-08,1,2.83384854594886e-07,1,1,1
22,30,Correlation,Correlation,DMAS,TR,-0.220558990574692,-0.23191831884458,-0.211230237544429,-0.220558990574692,-0.23191831884458,-0.211230237544429,7.55692945586362e-10,-1,0,50,0,1.13353941837954e-08,1,2.83384854594886e-07,1,1,1
22,30,Correlation,Correlation,DS-DMAS,TR,-0.360867526889745,-0.3688164116433,-0.356295414333267,-0.360867526889745,-0.3688164116433,-0.356295414333267,7.55692945586362e-10,-1,0,50,0,1.13353941837954e-08,1,2.83384854594886e-07,1,1,1
23,30,SSIM,SSIM,DAS,CF-DAS,-0.154624275889572,-0.160303833020299,-0.151440915157192,-0.154624275889572,-0.160303833020299,-0.151440915157192,7.55692945586362e-10,-1,0,50,0,1.13353941837954e-08,1,2.83384854594886e-07,1,1,1
23,30,SSIM,SSIM,DAS,SCF-DAS,-0.181779370682123,-0.185375707312704,-0.177307832275653,-0.181779370682123,-0.185375707312704,-0.177307832275653,7.55692945586362e-10,-1,0,50,0,1.13353941837954e-08,1,2.83384854594886e-07,1,1,1
23,30,SSIM,SSIM,DAS,DMAS,0.189149548323869,0.178705731059694,0.202987853510607,0.189149548323869,0.178705731059694,0.202987853510607,7.55692945586362e-10,1,50,0,0,1.13353941837954e-08,1,2.83384854594886e-07,1,1,1
23,30,SSIM,SSIM,DAS,DS-DMAS,-0.156021108433355,-0.159289475630689,-0.152503423556751,-0.156021108433355,-0.159289475630689,-0.152503423556751,7.55692945586362e-10,-1,0,50,0,1.13353941837954e-08,1,2.83384854594886e-07,1,1,1
23,30,SSIM,SSIM,DAS,TR,0.060326387783932,0.057623838685638,0.063129354736424,0.060326387783932,0.057623838685638,0.063129354736424,7.55692945586362e-10,1,50,0,0,1.13353941837954e-08,1,2.83384854594886e-07,1,1,1
23,30,SSIM,SSIM,CF-DAS,SCF-DAS,-0.025936171017817,-0.0269180921251519,-0.0249538544055505,-0.025936171017817,-0.0269180921251519,-0.0249538544055505,7.55692945586362e-10,-1,0,50,0,1.13353941837954e-08,1,2.83384854594886e-07,1,1,1
23,30,SSIM,SSIM,CF-DAS,DMAS,0.350253854738062,0.330084254241411,0.366434746130212,0.350253854738062,0.330084254241411,0.366434746130212,7.55692945586362e-10,1,50,0,0,1.13353941837954e-08,1,2.83384854594886e-07,1,1,1
23,30,SSIM,SSIM,CF-DAS,DS-DMAS,-0.000778730264610505,-0.00230532314663401,0.00157183935816796,-0.000778730264610505,-0.00230532314663401,0.00157183935816796,0.65352005792823,-0.0729411764705882,20,30,0,0.65352005792823,0,1,0,1,0
23,30,SSIM,SSIM,CF-DAS,TR,0.216714546350406,0.215167919472881,0.218403361770023,0.216714546350406,0.215167919472881,0.218403361770023,7.55692945586362e-10,1,50,0,0,1.13353941837954e-08,1,2.83384854594886e-07,1,1,1
23,30,SSIM,SSIM,SCF-DAS,DMAS,0.378137577692617,0.356001190270347,0.392144302394887,0.378137577692617,0.356001190270347,0.392144302394887,7.55692945586362e-10,1,50,0,0,1.13353941837954e-08,1,2.83384854594886e-07,1,1,1
23,30,SSIM,SSIM,SCF-DAS,DS-DMAS,0.025354339630417,0.024628029960889,0.026444783365191,0.025354339630417,0.024628029960889,0.026444783365191,7.55692945586362e-10,1,50,0,0,1.13353941837954e-08,1,2.83384854594886e-07,1,1,1
23,30,SSIM,SSIM,SCF-DAS,TR,0.24233292342189,0.240535227277234,0.244127077978328,0.24233292342189,0.240535227277234,0.244127077978328,7.55692945586362e-10,1,50,0,0,1.13353941837954e-08,1,2.83384854594886e-07,1,1,1
23,30,SSIM,SSIM,DMAS,DS-DMAS,-0.353568071159473,-0.365369553533597,-0.332118375056759,-0.353568071159473,-0.365369553533597,-0.332118375056759,7.55692945586362e-10,-1,0,50,0,1.13353941837954e-08,1,2.83384854594886e-07,1,1,1
23,30,SSIM,SSIM,DMAS,TR,-0.133724767516662,-0.148656073519997,-0.120737215463818,-0.133724767516662,-0.148656073519997,-0.120737215463818,7.55692945586362e-10,-1,0,50,0,1.13353941837954e-08,1,2.83384854594886e-07,1,1,1
23,30,SSIM,SSIM,DS-DMAS,TR,0.216679834196984,0.215239960523168,0.218440448240667,0.216679834196984,0.215239960523168,0.218440448240667,7.55692945586362e-10,1,50,0,0,1.13353941837954e-08,1,2.83384854594886e-07,1,1,1
24,30,CNR,CNR,DAS,CF-DAS,1.08871430456885,1.0306243937647,1.12766002661973,1.08871430456885,1.0306243937647,1.12766002661973,7.55692945586362e-10,1,50,0,0,1.13353941837954e-08,1,2.83384854594886e-07,1,1,1
24,30,CNR,CNR,DAS,SCF-DAS,1.82754570032365,1.80411399968667,1.87131491198106,1.82754570032365,1.80411399968667,1.87131491198106,7.55692945586362e-10,1,50,0,0,1.13353941837954e-08,1,2.83384854594886e-07,1,1,1
24,30,CNR,CNR,DAS,DMAS,1.49077384366561,1.45158944466812,1.54450901426507,1.49077384366561,1.45158944466812,1.54450901426507,7.55692945586362e-10,1,50,0,0,1.13353941837954e-08,1,2.83384854594886e-07,1,1,1
24,30,CNR,CNR,DAS,DS-DMAS,1.75025575534063,1.72276321731056,1.79365086054867,1.75025575534063,1.72276321731056,1.79365086054867,7.55692945586362e-10,1,50,0,0,1.13353941837954e-08,1,2.83384854594886e-07,1,1,1
24,30,CNR,CNR,DAS,TR,-0.1294287997041,-0.170831963945125,-0.101394963208869,-0.1294287997041,-0.170831963945125,-0.101394963208869,8.50252968209873e-09,-0.935686274509804,6,44,0,1.13353941837954e-08,1,3.06091068555554e-07,1,1,1
24,30,CNR,CNR,CF-DAS,SCF-DAS,0.742773385662834,0.715894375293734,0.774347662953759,0.742773385662834,0.715894375293734,0.774347662953759,7.55692945586362e-10,1,50,0,0,1.13353941837954e-08,1,2.83384854594886e-07,1,1,1
24,30,CNR,CNR,CF-DAS,DMAS,0.410452361159774,0.385823939247977,0.425266032605922,0.410452361159774,0.385823939247977,0.425266032605922,7.55692945586362e-10,1,50,0,0,1.13353941837954e-08,1,2.83384854594886e-07,1,1,1
24,30,CNR,CNR,CF-DAS,DS-DMAS,0.653513291618429,0.637522386073608,0.704692046828644,0.653513291618429,0.637522386073608,0.704692046828644,7.55692945586362e-10,1,50,0,0,1.13353941837954e-08,1,2.83384854594886e-07,1,1,1
24,30,CNR,CNR,CF-DAS,TR,-1.22303567058858,-1.26313679123798,-1.19451114293906,-1.22303567058858,-1.26313679123798,-1.19451114293906,7.55692945586362e-10,-1,0,50,0,1.13353941837954e-08,1,2.83384854594886e-07,1,1,1
24,30,CNR,CNR,SCF-DAS,DMAS,-0.331678814874546,-0.35505984834404,-0.308500529796481,-0.331678814874546,-0.35505984834404,-0.308500529796481,7.55692945586362e-10,-1,0,50,0,1.13353941837954e-08,1,2.83384854594886e-07,1,1,1
24,30,CNR,CNR,SCF-DAS,DS-DMAS,-0.0809596531812465,-0.082622054289917,-0.0774471581099245,-0.0809596531812465,-0.082622054289917,-0.0774471581099245,7.55692945586362e-10,-1,0,50,0,1.13353941837954e-08,1,2.83384854594886e-07,1,1,1
24,30,CNR,CNR,SCF-DAS,TR,-1.96983349767829,-1.98252866785648,-1.96396842733457,-1.96983349767829,-1.98252866785648,-1.96396842733457,7.55692945586362e-10,-1,0,50,0,1.13353941837954e-08,1,2.83384854594886e-07,1,1,1
24,30,CNR,CNR,DMAS,DS-DMAS,0.266408780241658,0.231341568489046,0.274655808947972,0.266408780241658,0.231341568489046,0.274655808947972,7.55692945586362e-10,1,50,0,0,1.13353941837954e-08,1,2.83384854594886e-07,1,1,1
24,30,CNR,CNR,DMAS,TR,-1.63100310926904,-1.66024989006086,-1.61299557095135,-1.63100310926904,-1.66024989006086,-1.61299557095135,7.55692945586362e-10,-1,0,50,0,1.13353941837954e-08,1,2.83384854594886e-07,1,1,1
24,30,CNR,CNR,DS-DMAS,TR,-1.89205409728396,-1.90104934727218,-1.88152594092747,-1.89205409728396,-1.90104934727218,-1.88152594092747,7.55692945586362e-10,-1,0,50,0,1.13353941837954e-08,1,2.83384854594886e-07,1,1,1
25,30,SBR_dB,SBR,DAS,CF-DAS,-8.57931581447895,-8.8255303252192,-8.0913390483157,-8.57931581447895,-8.8255303252192,-8.0913390483157,7.55692945586362e-10,-1,0,50,0,1.13353941837954e-08,1,2.83384854594886e-07,1,1,1
25,30,SBR_dB,SBR,DAS,SCF-DAS,-13.4469208519539,-13.9234042899404,-12.7506566828527,-13.4469208519539,-13.9234042899404,-12.7506566828527,7.55692945586362e-10,-1,0,50,0,1.13353941837954e-08,1,2.83384854594886e-07,1,1,1
25,30,SBR_dB,SBR,DAS,DMAS,-3.4497489524854,-3.56768872054235,-3.22826489650034,-3.4497489524854,-3.56768872054235,-3.22826489650034,7.55692945586362e-10,-1,0,50,0,1.13353941837954e-08,1,2.83384854594886e-07,1,1,1
25,30,SBR_dB,SBR,DAS,DS-DMAS,-4.9222591479033,-5.2404178935291,-4.4958409140284,-4.9222591479033,-5.2404178935291,-4.4958409140284,7.55692945586362e-10,-1,0,50,0,1.13353941837954e-08,1,2.83384854594886e-07,1,1,1
25,30,SBR_dB,SBR,DAS,TR,0.851964305303598,0.780745791449299,0.958208886979399,0.851964305303598,0.780745791449299,0.958208886979399,7.55692945586362e-10,1,50,0,0,1.13353941837954e-08,1,2.83384854594886e-07,1,1,1
25,30,SBR_dB,SBR,CF-DAS,SCF-DAS,-4.6582923428414,-5.5919290911008,-4.3496226171929,-4.6582923428414,-5.5919290911008,-4.3496226171929,8.03109090704699e-10,-0.99843137254902,1,49,0,1.13353941837954e-08,1,2.83384854594886e-07,1,1,1
25,30,SBR_dB,SBR,CF-DAS,DMAS,5.18365193250225,4.7727656052847,5.34265824468795,5.18365193250225,4.7727656052847,5.34265824468795,7.55692945586362e-10,1,50,0,0,1.13353941837954e-08,1,2.83384854594886e-07,1,1,1
25,30,SBR_dB,SBR,CF-DAS,DS-DMAS,3.59364734843885,3.262782705871,4.02197938197255,3.59364734843885,3.262782705871,4.02197938197255,7.55692945586362e-10,1,50,0,0,1.13353941837954e-08,1,2.83384854594886e-07,1,1,1
25,30,SBR_dB,SBR,CF-DAS,TR,9.43661810866875,8.9145395674644,9.8240434812132,9.43661810866875,8.9145395674644,9.8240434812132,7.55692945586362e-10,1,50,0,0,1.13353941837954e-08,1,2.83384854594886e-07,1,1,1
25,30,SBR_dB,SBR,SCF-DAS,DMAS,10.0488574720634,9.6154292927075,10.4406881720449,10.0488574720634,9.6154292927075,10.4406881720449,7.55692945586362e-10,1,50,0,0,1.13353941837954e-08,1,2.83384854594886e-07,1,1,1
25,30,SBR_dB,SBR,SCF-DAS,DS-DMAS,8.52666590639145,8.2619780979166,8.8486920919999,8.52666590639145,8.2619780979166,8.8486920919999,7.55692945586362e-10,1,50,0,0,1.13353941837954e-08,1,2.83384854594886e-07,1,1,1
25,30,SBR_dB,SBR,SCF-DAS,TR,14.3968733254175,13.7569212679056,14.7957368484774,14.3968733254175,13.7569212679056,14.7957368484774,7.55692945586362e-10,1,50,0,0,1.13353941837954e-08,1,2.83384854594886e-07,1,1,1
25,30,SBR_dB,SBR,DMAS,DS-DMAS,-1.4391434803898,-1.6972525751396,-1.2887605490626,-1.4391434803898,-1.6972525751396,-1.2887605490626,1.46856129273569e-09,-0.982745098039216,1,49,0,1.13353941837954e-08,1,2.83384854594886e-07,1,1,1
25,30,SBR_dB,SBR,DMAS,TR,4.2352844893784,4.16084620427355,4.4325902534022,4.2352844893784,4.16084620427355,4.4325902534022,7.55692945586362e-10,1,50,0,0,1.13353941837954e-08,1,2.83384854594886e-07,1,1,1
25,30,SBR_dB,SBR,DS-DMAS,TR,5.7712244545815,5.2951716905905,6.22194832340455,5.7712244545815,5.2951716905905,6.22194832340455,7.55692945586362e-10,1,50,0,0,1.13353941837954e-08,1,2.83384854594886e-07,1,1,1
