BaseSeed,OriginalSeedSubset,SoundSpeedSeed,DensitySeed,NoiseSeed,TargetSNR_dB,AchievedSNR_dB,NoiseScale,SystemRMS,CMean_mps,CStd_mps,CMin_mps,CMax_mps,RhoMean_kgm3,RhoStd_kgm3,RhoMin_kgm3,RhoMax_kgm3,Corr_C_Rho,dt_ns,Nt,TEnd_us,PPW_6MHz,MeanAngularGap_deg,MinAngularGap_deg,MaxAngularGap_deg,SourceRelativeDifference,CMapRelativeDifference,RhoMapRelativeDifference,MaxNoisePairDifference,MinNoisePairCorrelation,ForwardRuntime_s
1,1,100001,200001,300001,5,5,0.0108471073836933,0.0192891877189029,1500.00000002649,19.9999998973256,1446.99853515625,1558.70043945312,999.999999910593,14.999999950457,959.957275390625,1041.21374511719,0.090634572482917,6.41560093709124,2494,15.9940931361685,4.82332845052083,2.8125,2.81249999999994,2.81250000000007,0,0,0,1.93675249138232e-16,1,50.0527743
1,1,100001,200001,300001,10,10,0.00609977674062808,0.0192891877189029,1500.00000002649,19.9999998973256,1446.99853515625,1558.70043945312,999.999999910593,14.999999950457,959.957275390625,1041.21374511719,0.090634572482917,6.41560093709124,2494,15.9940931361685,4.82332845052083,2.8125,2.81249999999994,2.81250000000007,0,0,0,1.93675249138232e-16,1,50.0527743
1,1,100001,200001,300001,15,15,0.00343015653569006,0.0192891877189029,1500.00000002649,19.9999998973256,1446.99853515625,1558.70043945312,999.999999910593,14.999999950457,959.957275390625,1041.21374511719,0.090634572482917,6.41560093709124,2494,15.9940931361685,4.82332845052083,2.8125,2.81249999999994,2.81250000000007,0,0,0,1.93675249138232e-16,1,50.0527743
1,1,100001,200001,300001,20,20,0.00192891877189029,0.0192891877189029,1500.00000002649,19.9999998973256,1446.99853515625,1558.70043945312,999.999999910593,14.999999950457,959.957275390625,1041.21374511719,0.090634572482917,6.41560093709124,2494,15.9940931361685,4.82332845052083,2.8125,2.81249999999994,2.81250000000007,0,0,0,1.93675249138232e-16,1,50.0527743
1,1,100001,200001,300001,30,30,0.000609977674062808,0.0192891877189029,1500.00000002649,19.9999998973256,1446.99853515625,1558.70043945312,999.999999910593,14.999999950457,959.957275390625,1041.21374511719,0.090634572482917,6.41560093709124,2494,15.9940931361685,4.82332845052083,2.8125,2.81249999999994,2.81250000000007,0,0,0,1.93675249138232e-16,1,50.0527743
2,1,100002,200002,300002,5,5,0.0110208137525123,0.0195980861779665,1500.00000001987,19.9999999458186,1462.43640136719,1560.54321289062,1000.00000001159,14.9999998774004,964.091613769531,1046.42907714844,-0.0268478484439123,6.40802505012136,2497,15.9944305251029,4.87478800455729,2.8125,2.81249999999994,2.81250000000007,0,0,0,1.69857079340459e-16,1,28.9290807
2,1,100002,200002,300002,10,10,0.00619745901026381,0.0195980861779665,1500.00000001987,19.9999999458186,1462.43640136719,1560.54321289062,1000.00000001159,14.9999998774004,964.091613769531,1046.42907714844,-0.0268478484439123,6.40802505012136,2497,15.9944305251029,4.87478800455729,2.8125,2.81249999999994,2.81250000000007,0,0,0,1.69857079340459e-16,1,28.9290807
2,1,100002,200002,300002,15,15,0.00348508731264462,0.0195980861779665,1500.00000001987,19.9999999458186,1462.43640136719,1560.54321289062,1000.00000001159,14.9999998774004,964.091613769531,1046.42907714844,-0.0268478484439123,6.40802505012136,2497,15.9944305251029,4.87478800455729,2.8125,2.81249999999994,2.81250000000007,0,0,0,1.69857079340459e-16,1,28.9290807
2,1,100002,200002,300002,20,20,0.00195980861779665,0.0195980861779665,1500.00000001987,19.9999999458186,1462.43640136719,1560.54321289062,1000.00000001159,14.9999998774004,964.091613769531,1046.42907714844,-0.0268478484439123,6.40802505012136,2497,15.9944305251029,4.87478800455729,2.8125,2.81249999999994,2.81250000000007,0,0,0,1.69857079340459e-16,1,28.9290807
2,1,100002,200002,300002,30,30,0.000619745901026381,0.0195980861779665,1500.00000001987,19.9999999458186,1462.43640136719,1560.54321289062,1000.00000001159,14.9999998774004,964.091613769531,1046.42907714844,-0.0268478484439123,6.40802505012136,2497,15.9944305251029,4.87478800455729,2.8125,2.81249999999994,2.81250000000007,0,0,0,1.69857079340459e-16,1,28.9290807
3,1,100003,200003,300003,5,5,0.0109074995541041,0.0193965818720721,1499.99999995364,19.9999999701275,1450.02282714844,1558.3974609375,999.999999951985,14.9999999924627,969.521118164062,1045.6806640625,-0.266719202909016,6.41684823715267,2494,15.9972026552216,4.83340942382813,2.8125,2.81249999999994,2.81250000000007,0,0,0,1.92685889147636e-16,1,29.2362817
3,1,100003,200003,300003,10,10,0.00613373775376804,0.0193965818720721,1499.99999995364,19.9999999701275,1450.02282714844,1558.3974609375,999.999999951985,14.9999999924627,969.521118164062,1045.6806640625,-0.266719202909016,6.41684823715267,2494,15.9972026552216,4.83340942382813,2.8125,2.81249999999994,2.81250000000007,0,0,0,1.92685889147636e-16,1,29.2362817
3,1,100003,200003,300003,15,15,0.003449254216824,0.0193965818720721,1499.99999995364,19.9999999701275,1450.02282714844,1558.3974609375,999.999999951985,14.9999999924627,969.521118164062,1045.6806640625,-0.266719202909016,6.41684823715267,2494,15.9972026552216,4.83340942382813,2.8125,2.81249999999994,2.81250000000007,0,0,0,1.92685889147636e-16,1,29.2362817
3,1,100003,200003,300003,20,20,0.00193965818720721,0.0193965818720721,1499.99999995364,19.9999999701275,1450.02282714844,1558.3974609375,999.999999951985,14.9999999924627,969.521118164062,1045.6806640625,-0.266719202909016,6.41684823715267,2494,15.9972026552216,4.83340942382813,2.8125,2.81249999999994,2.81250000000007,0,0,0,1.92685889147636e-16,1,29.2362817
3,1,100003,200003,300003,30,30,0.000613373775376804,0.0193965818720721,1499.99999995364,19.9999999701275,1450.02282714844,1558.3974609375,999.999999951985,14.9999999924627,969.521118164062,1045.6806640625,-0.266719202909016,6.41684823715267,2494,15.9972026552216,4.83340942382813,2.8125,2.81249999999994,2.81250000000007,0,0,0,1.92685889147636e-16,1,29.2362817
4,1,100004,200004,300004,5,5,0.0109634261009591,0.0194960348988189,1500.00000001325,19.9999999446927,1451.06787109375,1559.84619140625,999.999999968542,15.0000001348169,959.510375976562,1033.51538085938,-0.148964221832343,6.41088849342555,2496,15.9951667910968,4.83689290364583,2.8125,2.81249999999994,2.81250000000007,0,0,0,1.43254744163449e-16,1,29.2049815
4,1,100004,200004,300004,10,10,0.00616518756223981,0.0194960348988189,1500.00000001325,19.9999999446927,1451.06787109375,1559.84619140625,999.999999968542,15.0000001348169,959.510375976562,1033.51538085938,-0.148964221832343,6.41088849342555,2496,15.9951667910968,4.83689290364583,2.8125,2.81249999999994,2.81250000000007,0,0,0,1.43254744163449e-16,1,29.2049815
4,1,100004,200004,300004,15,15,0.00346693974379699,0.0194960348988189,1500.00000001325,19.9999999446927,1451.06787109375,1559.84619140625,999.999999968542,15.0000001348169,959.510375976562,1033.51538085938,-0.148964221832343,6.41088849342555,2496,15.9951667910968,4.83689290364583,2.8125,2.81249999999994,2.81250000000007,0,0,0,1.43254744163449e-16,1,29.2049815
4,1,100004,200004,300004,20,20,0.00194960348988189,0.0194960348988189,1500.00000001325,19.9999999446927,1451.06787109375,1559.84619140625,999.999999968542,15.0000001348169,959.510375976562,1033.51538085938,-0.148964221832343,6.41088849342555,2496,15.9951667910968,4.83689290364583,2.8125,2.81249999999994,2.81250000000007,0,0,0,1.43254744163449e-16,1,29.2049815
4,1,100004,200004,300004,30,30,0.000616518756223981,0.0194960348988189,1500.00000001325,19.9999999446927,1451.06787109375,1559.84619140625,999.999999968542,15.0000001348169,959.510375976562,1033.51538085938,-0.148964221832343,6.41088849342555,2496,15.9951667910968,4.83689290364583,2.8125,2.81249999999994,2.81250000000007,0,0,0,1.43254744163449e-16,1,29.2049815
5,1,100005,200005,300005,5,5,0.0110639218578805,0.0196747444341484,1500.00000043379,20.0000000827606,1440.41333007812,1558.4189453125,1000.00000006954,14.9999999745125,956.7861328125,1034.69299316406,0.151987835958262,6.41675977443585,2494,15.9969821176686,4.80137776692708,2.8125,2.81249999999994,2.81250000000007,0,0,0,1.91258414712693e-16,1,28.5828491
5,1,100005,200005,300005,10,10,0.00622170047936297,0.0196747444341484,1500.00000043379,20.0000000827606,1440.41333007812,1558.4189453125,1000.00000006954,14.9999999745125,956.7861328125,1034.69299316406,0.151987835958262,6.41675977443585,2494,15.9969821176686,4.80137776692708,2.8125,2.81249999999994,2.81250000000007,0,0,0,1.91258414712693e-16,1,28.5828491
5,1,100005,200005,300005,15,15,0.0034987192925024,0.0196747444341484,1500.00000043379,20.0000000827606,1440.41333007812,1558.4189453125,1000.00000006954,14.9999999745125,956.7861328125,1034.69299316406,0.151987835958262,6.41675977443585,2494,15.9969821176686,4.80137776692708,2.8125,2.81249999999994,2.81250000000007,0,0,0,1.91258414712693e-16,1,28.5828491
5,1,100005,200005,300005,20,20,0.00196747444341484,0.0196747444341484,1500.00000043379,20.0000000827606,1440.41333007812,1558.4189453125,1000.00000006954,14.9999999745125,956.7861328125,1034.69299316406,0.151987835958262,6.41675977443585,2494,15.9969821176686,4.80137776692708,2.8125,2.81249999999994,2.81250000000007,0,0,0,1.91258414712693e-16,1,28.5828491
5,1,100005,200005,300005,30,30,0.000622170047936297,0.0196747444341484,1500.00000043379,20.0000000827606,1440.41333007812,1558.4189453125,1000.00000006954,14.9999999745125,956.7861328125,1034.69299316406,0.151987835958262,6.41675977443585,2494,15.9969821176686,4.80137776692708,2.8125,2.81249999999994,2.81250000000007,0,0,0,1.91258414712693e-16,1,28.5828491
6,1,100006,200006,300006,5,5,0.0110841024452892,0.0197106311572199,1500.00000002318,19.9999999402083,1441.58837890625,1547.033203125,1000.00000012087,14.9999999134334,969.10498046875,1043.142578125,0.121245339572927,6.46398537523309,2476,15.9983638037019,4.80529459635417,2.8125,2.81249999999994,2.81250000000007,0,0,0,1.86775889570156e-16,1,29.6435272
6,1,100006,200006,300006,10,10,0.00623304885762952,0.0197106311572199,1500.00000002318,19.9999999402083,1441.58837890625,1547.033203125,1000.00000012087,14.9999999134334,969.10498046875,1043.142578125,0.121245339572927,6.46398537523309,2476,15.9983638037019,4.80529459635417,2.8125,2.81249999999994,2.81250000000007,0,0,0,1.86775889570156e-16,1,29.6435272
6,1,100006,200006,300006,15,15,0.00350510095457558,0.0197106311572199,1500.00000002318,19.9999999402083,1441.58837890625,1547.033203125,1000.00000012087,14.9999999134334,969.10498046875,1043.142578125,0.121245339572927,6.46398537523309,2476,15.9983638037019,4.80529459635417,2.8125,2.81249999999994,2.81250000000007,0,0,0,1.86775889570156e-16,1,29.6435272
6,1,100006,200006,300006,20,20,0.00197106311572199,0.0197106311572199,1500.00000002318,19.9999999402083,1441.58837890625,1547.033203125,1000.00000012087,14.9999999134334,969.10498046875,1043.142578125,0.121245339572927,6.46398537523309,2476,15.9983638037019,4.80529459635417,2.8125,2.81249999999994,2.81250000000007,0,0,0,1.86775889570156e-16,1,29.6435272
6,1,100006,200006,300006,30,30,0.000623304885762952,0.0197106311572199,1500.00000002318,19.9999999402083,1441.58837890625,1547.033203125,1000.00000012087,14.9999999134334,969.10498046875,1043.142578125,0.121245339572927,6.46398537523309,2476,15.9983638037019,4.80529459635417,2.8125,2.81249999999994,2.81250000000007,0,0,0,1.86775889570156e-16,1,29.6435272
7,1,100007,200007,300007,5,5,0.010996410379789,0.0195546901627171,1499.99999986755,19.9999999955175,1445.50964355469,1550.95764160156,1000.00000013577,14.9999998585492,941.477783203125,1047.57836914062,-0.0490334695012264,6.44762934316744,2482,15.9965684003984,4.81836547851563,2.8125,2.81249999999994,2.81250000000007,0,0,0,7.33412578627707e-17,1,37.0814204
7,1,100007,200007,300007,10,10,0.00618373598530747,0.0195546901627171,1499.99999986755,19.9999999955175,1445.50964355469,1550.95764160156,1000.00000013577,14.9999998585492,941.477783203125,1047.57836914062,-0.0490334695012264,6.44762934316744,2482,15.9965684003984,4.81836547851563,2.8125,2.81249999999994,2.81250000000007,0,0,0,7.33412578627707e-17,1,37.0814204
7,1,100007,200007,300007,15,15,0.00347737028860505,0.0195546901627171,1499.99999986755,19.9999999955175,1445.50964355469,1550.95764160156,1000.00000013577,14.9999998585492,941.477783203125,1047.57836914062,-0.0490334695012264,6.44762934316744,2482,15.9965684003984,4.81836547851563,2.8125,2.81249999999994,2.81250000000007,0,0,0,7.33412578627707e-17,1,37.0814204
7,1,100007,200007,300007,20,20,0.00195546901627171,0.0195546901627171,1499.99999986755,19.9999999955175,1445.50964355469,1550.95764160156,1000.00000013577,14.9999998585492,941.477783203125,1047.57836914062,-0.0490334695012264,6.44762934316744,2482,15.9965684003984,4.81836547851563,2.8125,2.81249999999994,2.81250000000007,0,0,0,7.33412578627707e-17,1,37.0814204
7,1,100007,200007,300007,30,30,0.000618373598530748,0.0195546901627171,1499.99999986755,19.9999999955175,1445.50964355469,1550.95764160156,1000.00000013577,14.9999998585492,941.477783203125,1047.57836914062,-0.0490334695012264,6.44762934316744,2482,15.9965684003984,4.81836547851563,2.8125,2.81249999999994,2.81250000000007,0,0,0,7.33412578627707e-17,1,37.0814204
8,1,100008,200008,300008,5,5,0.0111581964234751,0.0198423909530357,1500.00000004636,20.0000000856966,1460.58850097656,1551.52038574219,999.999999991722,15.0000000406125,951.421691894531,1032.67626953125,0.272766542051201,6.44529075601955,2483,15.9972116564405,4.86862833658854,2.8125,2.81249999999994,2.81250000000007,0,0,0,1.84189518300704e-16,1,64.5929619
8,1,100008,200008,300008,10,10,0.00627471496351118,0.0198423909530357,1500.00000004636,20.0000000856966,1460.58850097656,1551.52038574219,999.999999991722,15.0000000406125,951.421691894531,1032.67626953125,0.272766542051201,6.44529075601955,2483,15.9972116564405,4.86862833658854,2.8125,2.81249999999994,2.81250000000007,0,0,0,1.84189518300704e-16,1,64.5929619
8,1,100008,200008,300008,15,15,0.00352853152777259,0.0198423909530357,1500.00000004636,20.0000000856966,1460.58850097656,1551.52038574219,999.999999991722,15.0000000406125,951.421691894531,1032.67626953125,0.272766542051201,6.44529075601955,2483,15.9972116564405,4.86862833658854,2.8125,2.81249999999994,2.81250000000007,0,0,0,1.84189518300704e-16,1,64.5929619
8,1,100008,200008,300008,20,20,0.00198423909530357,0.0198423909530357,1500.00000004636,20.0000000856966,1460.58850097656,1551.52038574219,999.999999991722,15.0000000406125,951.421691894531,1032.67626953125,0.272766542051201,6.44529075601955,2483,15.9972116564405,4.86862833658854,2.8125,2.81249999999994,2.81250000000007,0,0,0,1.84189518300704e-16,1,64.5929619
8,1,100008,200008,300008,30,30,0.000627471496351118,0.0198423909530357,1500.00000004636,20.0000000856966,1460.58850097656,1551.52038574219,999.999999991722,15.0000000406125,951.421691894531,1032.67626953125,0.272766542051201,6.44529075601955,2483,15.9972116564405,4.86862833658854,2.8125,2.81249999999994,2.81250000000007,0,0,0,1.84189518300704e-16,1,64.5929619
9,1,100009,200009,300009,5,5,0.0108641248602515,0.0193194495470772,1500.00000014239,20.0000000658988,1451.82849121094,1547.62744140625,999.999999958608,14.9999998853403,964.978210449219,1035.92858886719,0.00154746416984405,6.46150341642528,2477,15.998682459069,4.83942830403646,2.8125,2.81249999999994,2.81250000000007,0,0,0,1.93455805023415e-16,1,34.4896115
9,1,100009,200009,300009,10,10,0.00610934637094723,0.0193194495470772,1500.00000014239,20.0000000658988,1451.82849121094,1547.62744140625,999.999999958608,14.9999998853403,964.978210449219,1035.92858886719,0.00154746416984405,6.46150341642528,2477,15.998682459069,4.83942830403646,2.8125,2.81249999999994,2.81250000000007,0,0,0,1.93455805023415e-16,1,34.4896115
9,1,100009,200009,300009,15,15,0.00343553793428532,0.0193194495470772,1500.00000014239,20.0000000658988,1451.82849121094,1547.62744140625,999.999999958608,14.9999998853403,964.978210449219,1035.92858886719,0.00154746416984405,6.46150341642528,2477,15.998682459069,4.83942830403646,2.8125,2.81249999999994,2.81250000000007,0,0,0,1.93455805023415e-16,1,34.4896115
9,1,100009,200009,300009,20,20,0.00193194495470772,0.0193194495470772,1500.00000014239,20.0000000658988,1451.82849121094,1547.62744140625,999.999999958608,14.9999998853403,964.978210449219,1035.92858886719,0.00154746416984405,6.46150341642528,2477,15.998682459069,4.83942830403646,2.8125,2.81249999999994,2.81250000000007,0,0,0,1.93455805023415e-16,1,34.4896115
9,1,100009,200009,300009,30,30,0.000610934637094723,0.0193194495470772,1500.00000014239,20.0000000658988,1451.82849121094,1547.62744140625,999.999999958608,14.9999998853403,964.978210449219,1035.92858886719,0.00154746416984405,6.46150341642528,2477,15.998682459069,4.83942830403646,2.8125,2.81249999999994,2.81250000000007,0,0,0,1.93455805023415e-16,1,34.4896115
10,1,100010,200010,300010,5,5,0.0109936009372817,0.0195496941889526,1499.99999981787,20.0000001151349,1449.40600585938,1553.5126953125,1000.0000001159,14.9999998589964,966.672607421875,1032.66357421875,-0.0396091770074192,6.43702496295882,2486,15.9960070329527,4.83135335286458,2.8125,2.81249999999994,2.81250000000007,0,0,0,7.28572283204079e-17,1,35.1660024
10,1,100010,200010,300010,10,10,0.00618215611968485,0.0195496941889526,1499.99999981787,20.0000001151349,1449.40600585938,1553.5126953125,1000.0000001159,14.9999998589964,966.672607421875,1032.66357421875,-0.0396091770074192,6.43702496295882,2486,15.9960070329527,4.83135335286458,2.8125,2.81249999999994,2.81250000000007,0,0,0,7.28572283204079e-17,1,35.1660024
10,1,100010,200010,300010,15,15,0.0034764818648772,0.0195496941889526,1499.99999981787,20.0000001151349,1449.40600585938,1553.5126953125,1000.0000001159,14.9999998589964,966.672607421875,1032.66357421875,-0.0396091770074192,6.43702496295882,2486,15.9960070329527,4.83135335286458,2.8125,2.81249999999994,2.81250000000007,0,0,0,7.28572283204079e-17,1,35.1660024
10,1,100010,200010,300010,20,20,0.00195496941889526,0.0195496941889526,1499.99999981787,20.0000001151349,1449.40600585938,1553.5126953125,1000.0000001159,14.9999998589964,966.672607421875,1032.66357421875,-0.0396091770074192,6.43702496295882,2486,15.9960070329527,4.83135335286458,2.8125,2.81249999999994,2.81250000000007,0,0,0,7.28572283204079e-17,1,35.1660024
10,1,100010,200010,300010,30,30,0.000618215611968485,0.0195496941889526,1499.99999981787,20.0000001151349,1449.40600585938,1553.5126953125,1000.0000001159,14.9999998589964,966.672607421875,1032.66357421875,-0.0396091770074192,6.43702496295882,2486,15.9960070329527,4.83135335286458,2.8125,2.81249999999994,2.81250000000007,0,0,0,7.28572283204079e-17,1,35.1660024
11,0,100011,200011,300011,5,5,0.0109287964042617,0.019434453622206,1500.00000018875,19.9999999113814,1448.5361328125,1545.09912109375,999.99999998841,14.9999998753783,955.36669921875,1031.6787109375,-0.389161914089575,6.47207668652427,2473,15.998973569088,4.82845377604167,2.8125,2.81249999999994,2.81250000000007,0,0,0,1.87621765008226e-16,1,37.789452
11,0,100011,200011,300011,10,10,0.00614571385270806,0.019434453622206,1500.00000018875,19.9999999113814,1448.5361328125,1545.09912109375,999.99999998841,14.9999998753783,955.36669921875,1031.6787109375,-0.389161914089575,6.47207668652427,2473,15.998973569088,4.82845377604167,2.8125,2.81249999999994,2.81250000000007,0,0,0,1.87621765008226e-16,1,37.789452
11,0,100011,200011,300011,15,15,0.00345598887217253,0.019434453622206,1500.00000018875,19.9999999113814,1448.5361328125,1545.09912109375,999.99999998841,14.9999998753783,955.36669921875,1031.6787109375,-0.389161914089575,6.47207668652427,2473,15.998973569088,4.82845377604167,2.8125,2.81249999999994,2.81250000000007,0,0,0,1.87621765008226e-16,1,37.789452
11,0,100011,200011,300011,20,20,0.0019434453622206,0.019434453622206,1500.00000018875,19.9999999113814,1448.5361328125,1545.09912109375,999.99999998841,14.9999998753783,955.36669921875,1031.6787109375,-0.389161914089575,6.47207668652427,2473,15.998973569088,4.82845377604167,2.8125,2.81249999999994,2.81250000000007,0,0,0,1.87621765008226e-16,1,37.789452
11,0,100011,200011,300011,30,30,0.000614571385270806,0.019434453622206,1500.00000018875,19.9999999113814,1448.5361328125,1545.09912109375,999.99999998841,14.9999998753783,955.36669921875,1031.6787109375,-0.389161914089575,6.47207668652427,2473,15.998973569088,4.82845377604167,2.8125,2.81249999999994,2.81250000000007,0,0,0,1.87621765008226e-16,1,37.789452
12,0,100012,200012,300012,5,5,0.0107765264176925,0.0191636750403231,1499.99999968542,20.0000001586766,1421.03796386719,1543.47937011719,999.999999900659,14.999999811688,971.332885742188,1035.45593261719,0.0941792268228103,6.4788685832845,2470,15.9963265321294,4.73679321289062,2.8125,2.81249999999994,2.81250000000007,0,0,0,1.73904098579558e-16,1,38.434172
12,0,100012,200012,300012,10,10,0.00606008614667402,0.0191636750403231,1499.99999968542,20.0000001586766,1421.03796386719,1543.47937011719,999.999999900659,14.999999811688,971.332885742188,1035.45593261719,0.0941792268228103,6.4788685832845,2470,15.9963265321294,4.73679321289062,2.8125,2.81249999999994,2.81250000000007,0,0,0,1.73904098579558e-16,1,38.434172
12,0,100012,200012,300012,15,15,0.00340783687448834,0.0191636750403231,1499.99999968542,20.0000001586766,1421.03796386719,1543.47937011719,999.999999900659,14.999999811688,971.332885742188,1035.45593261719,0.0941792268228103,6.4788685832845,2470,15.9963265321294,4.73679321289062,2.8125,2.81249999999994,2.81250000000007,0,0,0,1.73904098579558e-16,1,38.434172
12,0,100012,200012,300012,20,20,0.00191636750403231,0.0191636750403231,1499.99999968542,20.0000001586766,1421.03796386719,1543.47937011719,999.999999900659,14.999999811688,971.332885742188,1035.45593261719,0.0941792268228103,6.4788685832845,2470,15.9963265321294,4.73679321289062,2.8125,2.81249999999994,2.81250000000007,0,0,0,1.73904098579558e-16,1,38.434172
12,0,100012,200012,300012,30,30,0.000606008614667402,0.0191636750403231,1499.99999968542,20.0000001586766,1421.03796386719,1543.47937011719,999.999999900659,14.999999811688,971.332885742188,1035.45593261719,0.0941792268228103,6.4788685832845,2470,15.9963265321294,4.73679321289062,2.8125,2.81249999999994,2.81250000000007,0,0,0,1.73904098579558e-16,1,38.434172
13,0,100013,200013,300013,5,5,0.0108713706090824,0.0193323345130335,1499.99999996357,20.0000002432807,1449.34167480469,1553.79345703125,999.999999793039,14.9999998849401,964.221008300781,1037.66320800781,-0.102847672987316,6.43586182883436,2487,15.9995525064822,4.83113891601563,2.8125,2.81249999999994,2.81250000000007,0,0,0,1.72227634676016e-16,1,40.3828675
13,0,100013,200013,300013,10,10,0.00611342095494681,0.0193323345130335,1499.99999996357,20.0000002432807,1449.34167480469,1553.79345703125,999.999999793039,14.9999998849401,964.221008300781,1037.66320800781,-0.102847672987316,6.43586182883436,2487,15.9995525064822,4.83113891601563,2.8125,2.81249999999994,2.81250000000007,0,0,0,1.72227634676016e-16,1,40.3828675
13,0,100013,200013,300013,15,15,0.00343782924125124,0.0193323345130335,1499.99999996357,20.0000002432807,1449.34167480469,1553.79345703125,999.999999793039,14.9999998849401,964.221008300781,1037.66320800781,-0.102847672987316,6.43586182883436,2487,15.9995525064822,4.83113891601563,2.8125,2.81249999999994,2.81250000000007,0,0,0,1.72227634676016e-16,1,40.3828675
13,0,100013,200013,300013,20,20,0.00193323345130335,0.0193323345130335,1499.99999996357,20.0000002432807,1449.34167480469,1553.79345703125,999.999999793039,14.9999998849401,964.221008300781,1037.66320800781,-0.102847672987316,6.43586182883436,2487,15.9995525064822,4.83113891601563,2.8125,2.81249999999994,2.81250000000007,0,0,0,1.72227634676016e-16,1,40.3828675
13,0,100013,200013,300013,30,30,0.000611342095494681,0.0193323345130335,1499.99999996357,20.0000002432807,1449.34167480469,1553.79345703125,999.999999793039,14.9999998849401,964.221008300781,1037.66320800781,-0.102847672987316,6.43586182883436,2487,15.9995525064822,4.83113891601563,2.8125,2.81249999999994,2.81250000000007,0,0,0,1.72227634676016e-16,1,40.3828675
14,0,100014,200014,300014,5,5,0.0109184949637835,0.0194161347827099,1500.00000019206,20.0000000553765,1435.35607910156,1549.470703125,1000.00000003643,14.9999998823198,948.065490722656,1031.55383300781,0.0300749550613773,6.45381676454535,2480,15.9990117593079,4.78452026367188,2.8125,2.81249999999994,2.81250000000007,0,0,0,7.31804576148929e-17,1,40.0828468
14,0,100014,200014,300014,10,10,0.00613992092701818,0.0194161347827099,1500.00000019206,20.0000000553765,1435.35607910156,1549.470703125,1000.00000003643,14.9999998823198,948.065490722656,1031.55383300781,0.0300749550613773,6.45381676454535,2480,15.9990117593079,4.78452026367188,2.8125,2.81249999999994,2.81250000000007,0,0,0,7.31804576148929e-17,1,40.0828468
14,0,100014,200014,300014,15,15,0.00345273127066336,0.0194161347827099,1500.00000019206,20.0000000553765,1435.35607910156,1549.470703125,1000.00000003643,14.9999998823198,948.065490722656,1031.55383300781,0.0300749550613773,6.45381676454535,2480,15.9990117593079,4.78452026367188,2.8125,2.81249999999994,2.81250000000007,0,0,0,7.31804576148929e-17,1,40.0828468
14,0,100014,200014,300014,20,20,0.00194161347827099,0.0194161347827099,1500.00000019206,20.0000000553765,1435.35607910156,1549.470703125,1000.00000003643,14.9999998823198,948.065490722656,1031.55383300781,0.0300749550613773,6.45381676454535,2480,15.9990117593079,4.78452026367188,2.8125,2.81249999999994,2.81250000000007,0,0,0,7.31804576148929e-17,1,40.0828468
14,0,100014,200014,300014,30,30,0.000613992092701818,0.0194161347827099,1500.00000019206,20.0000000553765,1435.35607910156,1549.470703125,1000.00000003643,14.9999998823198,948.065490722656,1031.55383300781,0.0300749550613773,6.45381676454535,2480,15.9990117593079,4.78452026367188,2.8125,2.81249999999994,2.81250000000007,0,0,0,7.31804576148929e-17,1,40.0828468
15,0,100015,200015,300015,5,5,0.0108308639140002,0.0192603022912002,1499.99999986755,19.9999998930661,1456.42126464844,1562.70446777344,1000.0000000298,14.9999999506374,966.347290039062,1042.72375488281,0.0233287784496108,6.39916260958039,2501,15.997906523951,4.85473754882813,2.8125,2.81249999999994,2.81250000000007,0,0,0,1.73001603170534e-16,1,40.13437
15,0,100015,200015,300015,10,10,0.00609064236635522,0.0192603022912002,1499.99999986755,19.9999998930661,1456.42126464844,1562.70446777344,1000.0000000298,14.9999999506374,966.347290039062,1042.72375488281,0.0233287784496108,6.39916260958039,2501,15.997906523951,4.85473754882813,2.8125,2.81249999999994,2.81250000000007,0,0,0,1.73001603170534e-16,1,40.13437
15,0,100015,200015,300015,15,15,0.00342501989955668,0.0192603022912002,1499.99999986755,19.9999998930661,1456.42126464844,1562.70446777344,1000.0000000298,14.9999999506374,966.347290039062,1042.72375488281,0.0233287784496108,6.39916260958039,2501,15.997906523951,4.85473754882813,2.8125,2.81249999999994,2.81250000000007,0,0,0,1.73001603170534e-16,1,40.13437
15,0,100015,200015,300015,20,20,0.00192603022912002,0.0192603022912002,1499.99999986755,19.9999998930661,1456.42126464844,1562.70446777344,1000.0000000298,14.9999999506374,966.347290039062,1042.72375488281,0.0233287784496108,6.39916260958039,2501,15.997906523951,4.85473754882813,2.8125,2.81249999999994,2.81250000000007,0,0,0,1.73001603170534e-16,1,40.13437
15,0,100015,200015,300015,30,30,0.000609064236635522,0.0192603022912002,1499.99999986755,19.9999998930661,1456.42126464844,1562.70446777344,1000.0000000298,14.9999999506374,966.347290039062,1042.72375488281,0.0233287784496108,6.39916260958039,2501,15.997906523951,4.85473754882813,2.8125,2.81249999999994,2.81250000000007,0,0,0,1.73001603170534e-16,1,40.13437
16,0,100016,200016,300016,5,5,0.010917019580438,0.0194135111388847,1499.9999998841,20.0000001198479,1455.15783691406,1549.62109375,999.999999950329,14.9999999038261,954.292053222656,1037.16186523438,0.20499863962235,6.45319042205378,2480,15.9974590562713,4.85052612304688,2.8125,2.81249999999994,2.81250000000007,0,0,0,1.87900841407538e-16,1,38.954675
16,0,100016,200016,300016,10,10,0.00613909125799251,0.0194135111388847,1499.9999998841,20.0000001198479,1455.15783691406,1549.62109375,999.999999950329,14.9999999038261,954.292053222656,1037.16186523438,0.20499863962235,6.45319042205378,2480,15.9974590562713,4.85052612304688,2.8125,2.81249999999994,2.81250000000007,0,0,0,1.87900841407538e-16,1,38.954675
16,0,100016,200016,300016,15,15,0.00345226471348399,0.0194135111388847,1499.9999998841,20.0000001198479,1455.15783691406,1549.62109375,999.999999950329,14.9999999038261,954.292053222656,1037.16186523438,0.20499863962235,6.45319042205378,2480,15.9974590562713,4.85052612304688,2.8125,2.81249999999994,2.81250000000007,0,0,0,1.87900841407538e-16,1,38.954675
16,0,100016,200016,300016,20,20,0.00194135111388847,0.0194135111388847,1499.9999998841,20.0000001198479,1455.15783691406,1549.62109375,999.999999950329,14.9999999038261,954.292053222656,1037.16186523438,0.20499863962235,6.45319042205378,2480,15.9974590562713,4.85052612304688,2.8125,2.81249999999994,2.81250000000007,0,0,0,1.87900841407538e-16,1,38.954675
16,0,100016,200016,300016,30,30,0.000613909125799251,0.0194135111388847,1499.9999998841,20.0000001198479,1455.15783691406,1549.62109375,999.999999950329,14.9999999038261,954.292053222656,1037.16186523438,0.20499863962235,6.45319042205378,2480,15.9974590562713,4.85052612304688,2.8125,2.81249999999994,2.81250000000007,0,0,0,1.87900841407538e-16,1,38.954675
17,0,100017,200017,300017,5,5,0.0109301263916453,0.0194368187113858,1499.99999988079,20.0000000434853,1445.50024414062,1548.23681640625,1000.00000016722,15.0000001611191,953.351501464844,1036.45544433594,-0.18462198185101,6.45896021463428,2478,15.9988444516491,4.81833414713542,2.8125,2.81249999999994,2.81250000000007,0,0,0,1.97658144038345e-16,1,38.5933952
17,0,100017,200017,300017,10,10,0.00614646175957581,0.0194368187113858,1499.99999988079,20.0000000434853,1445.50024414062,1548.23681640625,1000.00000016722,15.0000001611191,953.351501464844,1036.45544433594,-0.18462198185101,6.45896021463428,2478,15.9988444516491,4.81833414713542,2.8125,2.81249999999994,2.81250000000007,0,0,0,1.97658144038345e-16,1,38.5933952
17,0,100017,200017,300017,15,15,0.00345640945111166,0.0194368187113858,1499.99999988079,20.0000000434853,1445.50024414062,1548.23681640625,1000.00000016722,15.0000001611191,953.351501464844,1036.45544433594,-0.18462198185101,6.45896021463428,2478,15.9988444516491,4.81833414713542,2.8125,2.81249999999994,2.81250000000007,0,0,0,1.97658144038345e-16,1,38.5933952
17,0,100017,200017,300017,20,20,0.00194368187113858,0.0194368187113858,1499.99999988079,20.0000000434853,1445.50024414062,1548.23681640625,1000.00000016722,15.0000001611191,953.351501464844,1036.45544433594,-0.18462198185101,6.45896021463428,2478,15.9988444516491,4.81833414713542,2.8125,2.81249999999994,2.81250000000007,0,0,0,1.97658144038345e-16,1,38.5933952
17,0,100017,200017,300017,30,30,0.000614646175957581,0.0194368187113858,1499.99999988079,20.0000000434853,1445.50024414062,1548.23681640625,1000.00000016722,15.0000001611191,953.351501464844,1036.45544433594,-0.18462198185101,6.45896021463428,2478,15.9988444516491,4.81833414713542,2.8125,2.81249999999994,2.81250000000007,0,0,0,1.97658144038345e-16,1,38.5933952
18,0,100018,200018,300018,5,5,0.0109265538988524,0.0194304658210097,1500.00000008278,20.0000000254079,1459.0966796875,1568.34020996094,999.999999882446,14.9999998563206,963.661376953125,1041.85241699219,-0.118313527736873,6.37616757925825,2510,15.9978044563589,4.86365559895833,2.8125,2.81249999999994,2.81250000000007,0,0,0,1.43590397810535e-16,1,39.0721878
18,0,100018,200018,300018,10,10,0.00614445279924441,0.0194304658210097,1500.00000008278,20.0000000254079,1459.0966796875,1568.34020996094,999.999999882446,14.9999998563206,963.661376953125,1041.85241699219,-0.118313527736873,6.37616757925825,2510,15.9978044563589,4.86365559895833,2.8125,2.81249999999994,2.81250000000007,0,0,0,1.43590397810535e-16,1,39.0721878
18,0,100018,200018,300018,15,15,0.00345527972969665,0.0194304658210097,1500.00000008278,20.0000000254079,1459.0966796875,1568.34020996094,999.999999882446,14.9999998563206,963.661376953125,1041.85241699219,-0.118313527736873,6.37616757925825,2510,15.9978044563589,4.86365559895833,2.8125,2.81249999999994,2.81250000000007,0,0,0,1.43590397810535e-16,1,39.0721878
18,0,100018,200018,300018,20,20,0.00194304658210097,0.0194304658210097,1500.00000008278,20.0000000254079,1459.0966796875,1568.34020996094,999.999999882446,14.9999998563206,963.661376953125,1041.85241699219,-0.118313527736873,6.37616757925825,2510,15.9978044563589,4.86365559895833,2.8125,2.81249999999994,2.81250000000007,0,0,0,1.43590397810535e-16,1,39.0721878
18,0,100018,200018,300018,30,30,0.000614445279924441,0.0194304658210097,1500.00000008278,20.0000000254079,1459.0966796875,1568.34020996094,999.999999882446,14.9999998563206,963.661376953125,1041.85241699219,-0.118313527736873,6.37616757925825,2510,15.9978044563589,4.86365559895833,2.8125,2.81249999999994,2.81250000000007,0,0,0,1.43590397810535e-16,1,39.0721878
19,0,100019,200019,300019,5,5,0.0110589492116207,0.0196659016796913,1500.00000015895,20.0000002405086,1442.89672851562,1558.52294921875,1000.00000001325,14.9999999753562,968.070556640625,1034.68994140625,0.0111683807489408,6.41633156894659,2494,15.9959146013838,4.80965576171875,2.8125,2.81249999999994,2.81250000000007,0,0,0,1.6924548340269e-16,1,39.1097884
19,0,100019,200019,300019,10,10,0.00621890415487557,0.0196659016796913,1500.00000015895,20.0000002405086,1442.89672851562,1558.52294921875,1000.00000001325,14.9999999753562,968.070556640625,1034.68994140625,0.0111683807489408,6.41633156894659,2494,15.9959146013838,4.80965576171875,2.8125,2.81249999999994,2.81250000000007,0,0,0,1.6924548340269e-16,1,39.1097884
19,0,100019,200019,300019,15,15,0.0034971468036845,0.0196659016796913,1500.00000015895,20.0000002405086,1442.89672851562,1558.52294921875,1000.00000001325,14.9999999753562,968.070556640625,1034.68994140625,0.0111683807489408,6.41633156894659,2494,15.9959146013838,4.80965576171875,2.8125,2.81249999999994,2.81250000000007,0,0,0,1.6924548340269e-16,1,39.1097884
19,0,100019,200019,300019,20,20,0.00196659016796913,0.0196659016796913,1500.00000015895,20.0000002405086,1442.89672851562,1558.52294921875,1000.00000001325,14.9999999753562,968.070556640625,1034.68994140625,0.0111683807489408,6.41633156894659,2494,15.9959146013838,4.80965576171875,2.8125,2.81249999999994,2.81250000000007,0,0,0,1.6924548340269e-16,1,39.1097884
19,0,100019,200019,300019,30,30,0.000621890415487557,0.0196659016796913,1500.00000015895,20.0000002405086,1442.89672851562,1558.52294921875,1000.00000001325,14.9999999753562,968.070556640625,1034.68994140625,0.0111683807489408,6.41633156894659,2494,15.9959146013838,4.80965576171875,2.8125,2.81249999999994,2.81250000000007,0,0,0,1.6924548340269e-16,1,39.1097884
20,0,100020,200020,300020,5,5,0.0108897982302304,0.019365103972297,1499.99999977814,20.0000002398317,1448.02612304688,1549.57202148438,1000.0000000596,14.999999995258,954.230224609375,1042.18371582031,-0.243204028019836,6.45339478343236,2480,15.9979656681288,4.82675374348958,2.8125,2.81249999999994,2.81250000000007,0,0,0,2.35472742866232e-16,1,38.6445781
20,0,100020,200020,300020,10,10,0.00612378356784329,0.019365103972297,1499.99999977814,20.0000002398317,1448.02612304688,1549.57202148438,1000.0000000596,14.999999995258,954.230224609375,1042.18371582031,-0.243204028019836,6.45339478343236,2480,15.9979656681288,4.82675374348958,2.8125,2.81249999999994,2.81250000000007,0,0,0,2.35472742866232e-16,1,38.6445781
20,0,100020,200020,300020,15,15,0.00344365656671988,0.019365103972297,1499.99999977814,20.0000002398317,1448.02612304688,1549.57202148438,1000.0000000596,14.999999995258,954.230224609375,1042.18371582031,-0.243204028019836,6.45339478343236,2480,15.9979656681288,4.82675374348958,2.8125,2.81249999999994,2.81250000000007,0,0,0,2.35472742866232e-16,1,38.6445781
20,0,100020,200020,300020,20,20,0.0019365103972297,0.019365103972297,1499.99999977814,20.0000002398317,1448.02612304688,1549.57202148438,1000.0000000596,14.999999995258,954.230224609375,1042.18371582031,-0.243204028019836,6.45339478343236,2480,15.9979656681288,4.82675374348958,2.8125,2.81249999999994,2.81250000000007,0,0,0,2.35472742866232e-16,1,38.6445781
20,0,100020,200020,300020,30,30,0.000612378356784329,0.019365103972297,1499.99999977814,20.0000002398317,1448.02612304688,1549.57202148438,1000.0000000596,14.999999995258,954.230224609375,1042.18371582031,-0.243204028019836,6.45339478343236,2480,15.9979656681288,4.82675374348958,2.8125,2.81249999999994,2.81250000000007,0,0,0,2.35472742866232e-16,1,38.6445781
21,0,100021,200021,300021,5,5,0.0109654067351546,0.0194995570198276,1500.00000013908,19.9999999011484,1454.3974609375,1560.69934082031,999.999999953641,14.9999999179383,954.3798828125,1039.08251953125,-0.270787763184611,6.40738400949407,2498,15.9992378717067,4.84799153645833,2.8125,2.81249999999994,2.81250000000007,0,0,0,1.70765087231165e-16,1,39.1440281
21,0,100021,200021,300021,10,10,0.00616630135469803,0.0194995570198276,1500.00000013908,19.9999999011484,1454.3974609375,1560.69934082031,999.999999953641,14.9999999179383,954.3798828125,1039.08251953125,-0.270787763184611,6.40738400949407,2498,15.9992378717067,4.84799153645833,2.8125,2.81249999999994,2.81250000000007,0,0,0,1.70765087231165e-16,1,39.1440281
21,0,100021,200021,300021,15,15,0.00346756607532394,0.0194995570198276,1500.00000013908,19.9999999011484,1454.3974609375,1560.69934082031,999.999999953641,14.9999999179383,954.3798828125,1039.08251953125,-0.270787763184611,6.40738400949407,2498,15.9992378717067,4.84799153645833,2.8125,2.81249999999994,2.81250000000007,0,0,0,1.70765087231165e-16,1,39.1440281
21,0,100021,200021,300021,20,20,0.00194995570198276,0.0194995570198276,1500.00000013908,19.9999999011484,1454.3974609375,1560.69934082031,999.999999953641,14.9999999179383,954.3798828125,1039.08251953125,-0.270787763184611,6.40738400949407,2498,15.9992378717067,4.84799153645833,2.8125,2.81249999999994,2.81250000000007,0,0,0,1.70765087231165e-16,1,39.1440281
21,0,100021,200021,300021,30,30,0.000616630135469803,0.0194995570198276,1500.00000013908,19.9999999011484,1454.3974609375,1560.69934082031,999.999999953641,14.9999999179383,954.3798828125,1039.08251953125,-0.270787763184611,6.40738400949407,2498,15.9992378717067,4.84799153645833,2.8125,2.81249999999994,2.81250000000007,0,0,0,1.70765087231165e-16,1,39.1440281
22,0,100022,200022,300022,5,5,0.0109872069795219,0.0195383239455197,1500.00000004967,20.0000002924253,1439.01318359375,1555.81188964844,1000.00000003311,14.9999997829899,952.5439453125,1036.14074707031,-0.300221559989899,6.42751226323362,2490,15.9980780231885,4.79671061197917,2.8125,2.81249999999994,2.81250000000007,0,0,0,1.91476700205647e-16,1,39.3818744
22,0,100022,200022,300022,10,10,0.00617856053300499,0.0195383239455197,1500.00000004967,20.0000002924253,1439.01318359375,1555.81188964844,1000.00000003311,14.9999997829899,952.5439453125,1036.14074707031,-0.300221559989899,6.42751226323362,2490,15.9980780231885,4.79671061197917,2.8125,2.81249999999994,2.81250000000007,0,0,0,1.91476700205647e-16,1,39.3818744
22,0,100022,200022,300022,15,15,0.00347445991789881,0.0195383239455197,1500.00000004967,20.0000002924253,1439.01318359375,1555.81188964844,1000.00000003311,14.9999997829899,952.5439453125,1036.14074707031,-0.300221559989899,6.42751226323362,2490,15.9980780231885,4.79671061197917,2.8125,2.81249999999994,2.81250000000007,0,0,0,1.91476700205647e-16,1,39.3818744
22,0,100022,200022,300022,20,20,0.00195383239455197,0.0195383239455197,1500.00000004967,20.0000002924253,1439.01318359375,1555.81188964844,1000.00000003311,14.9999997829899,952.5439453125,1036.14074707031,-0.300221559989899,6.42751226323362,2490,15.9980780231885,4.79671061197917,2.8125,2.81249999999994,2.81250000000007,0,0,0,1.91476700205647e-16,1,39.3818744
22,0,100022,200022,300022,30,30,0.000617856053300499,0.0195383239455197,1500.00000004967,20.0000002924253,1439.01318359375,1555.81188964844,1000.00000003311,14.9999997829899,952.5439453125,1036.14074707031,-0.300221559989899,6.42751226323362,2490,15.9980780231885,4.79671061197917,2.8125,2.81249999999994,2.81250000000007,0,0,0,1.91476700205647e-16,1,39.3818744
23,0,100023,200023,300023,5,5,0.0106709658830284,0.0189759589150172,1499.99999982781,20.0000000465514,1451.40063476562,1543.41784667969,1000.00000004967,15.0000002935235,965.642211914062,1035.07312011719,0.118081622344931,6.47912684274886,2470,15.9969641747469,4.83800211588542,2.8125,2.81249999999994,2.81250000000007,0,0,0,1.57354719652304e-16,1,1647.8809174
23,0,100023,200023,300023,10,10,0.00600072509572319,0.0189759589150172,1499.99999982781,20.0000000465514,1451.40063476562,1543.41784667969,1000.00000004967,15.0000002935235,965.642211914062,1035.07312011719,0.118081622344931,6.47912684274886,2470,15.9969641747469,4.83800211588542,2.8125,2.81249999999994,2.81250000000007,0,0,0,1.57354719652304e-16,1,1647.8809174
23,0,100023,200023,300023,15,15,0.00337445570243196,0.0189759589150172,1499.99999982781,20.0000000465514,1451.40063476562,1543.41784667969,1000.00000004967,15.0000002935235,965.642211914062,1035.07312011719,0.118081622344931,6.47912684274886,2470,15.9969641747469,4.83800211588542,2.8125,2.81249999999994,2.81250000000007,0,0,0,1.57354719652304e-16,1,1647.8809174
23,0,100023,200023,300023,20,20,0.00189759589150172,0.0189759589150172,1499.99999982781,20.0000000465514,1451.40063476562,1543.41784667969,1000.00000004967,15.0000002935235,965.642211914062,1035.07312011719,0.118081622344931,6.47912684274886,2470,15.9969641747469,4.83800211588542,2.8125,2.81249999999994,2.81250000000007,0,0,0,1.57354719652304e-16,1,1647.8809174
23,0,100023,200023,300023,30,30,0.000600072509572319,0.0189759589150172,1499.99999982781,20.0000000465514,1451.40063476562,1543.41784667969,1000.00000004967,15.0000002935235,965.642211914062,1035.07312011719,0.118081622344931,6.47912684274886,2470,15.9969641747469,4.83800211588542,2.8125,2.81249999999994,2.81250000000007,0,0,0,1.57354719652304e-16,1,1647.8809174
24,0,100024,200024,300024,5,5,0.0112357842921256,0.0199803638623257,1500.00000034107,19.9999997892629,1456.66162109375,1548.96472167969,999.999999993377,15.0000000662057,962.330322265625,1048.26782226562,0.234257728238504,6.45592495428564,2479,15.9977820367198,4.85553873697917,2.8125,2.81249999999994,2.81250000000007,0,0,0,3.71305239421796e-16,1,36.2042742
24,0,100024,200024,300024,10,10,0.0063183458283868,0.0199803638623257,1500.00000034107,19.9999997892629,1456.66162109375,1548.96472167969,999.999999993377,15.0000000662057,962.330322265625,1048.26782226562,0.234257728238504,6.45592495428564,2479,15.9977820367198,4.85553873697917,2.8125,2.81249999999994,2.81250000000007,0,0,0,3.71305239421796e-16,1,36.2042742
24,0,100024,200024,300024,15,15,0.00355306696614595,0.0199803638623257,1500.00000034107,19.9999997892629,1456.66162109375,1548.96472167969,999.999999993377,15.0000000662057,962.330322265625,1048.26782226562,0.234257728238504,6.45592495428564,2479,15.9977820367198,4.85553873697917,2.8125,2.81249999999994,2.81250000000007,0,0,0,3.71305239421796e-16,1,36.2042742
24,0,100024,200024,300024,20,20,0.00199803638623257,0.0199803638623257,1500.00000034107,19.9999997892629,1456.66162109375,1548.96472167969,999.999999993377,15.0000000662057,962.330322265625,1048.26782226562,0.234257728238504,6.45592495428564,2479,15.9977820367198,4.85553873697917,2.8125,2.81249999999994,2.81250000000007,0,0,0,3.71305239421796e-16,1,36.2042742
24,0,100024,200024,300024,30,30,0.00063183458283868,0.0199803638623257,1500.00000034107,19.9999997892629,1456.66162109375,1548.96472167969,999.999999993377,15.0000000662057,962.330322265625,1048.26782226562,0.234257728238504,6.45592495428564,2479,15.9977820367198,4.85553873697917,2.8125,2.81249999999994,2.81250000000007,0,0,0,3.71305239421796e-16,1,36.2042742
25,0,100025,200025,300025,5,5,0.0108818076963209,0.0193508945703705,1500.00000005629,20.0000000940567,1448.55163574219,1552.77770996094,1000.00000019703,15.0000000350151,955.971862792969,1039.66357421875,-0.12463692263726,6.44007183761774,2485,15.9971384446425,4.82850545247396,2.8125,2.81249999999994,2.81250000000007,0,0,0,1.54776314208937e-16,1,37.3818561
25,0,100025,200025,300025,10,10,0.00611929016041563,0.0193508945703705,1500.00000005629,20.0000000940567,1448.55163574219,1552.77770996094,1000.00000019703,15.0000000350151,955.971862792969,1039.66357421875,-0.12463692263726,6.44007183761774,2485,15.9971384446425,4.82850545247396,2.8125,2.81249999999994,2.81250000000007,0,0,0,1.54776314208937e-16,1,37.3818561
25,0,100025,200025,300025,15,15,0.00344112973803239,0.0193508945703705,1500.00000005629,20.0000000940567,1448.55163574219,1552.77770996094,1000.00000019703,15.0000000350151,955.971862792969,1039.66357421875,-0.12463692263726,6.44007183761774,2485,15.9971384446425,4.82850545247396,2.8125,2.81249999999994,2.81250000000007,0,0,0,1.54776314208937e-16,1,37.3818561
25,0,100025,200025,300025,20,20,0.00193508945703705,0.0193508945703705,1500.00000005629,20.0000000940567,1448.55163574219,1552.77770996094,1000.00000019703,15.0000000350151,955.971862792969,1039.66357421875,-0.12463692263726,6.44007183761774,2485,15.9971384446425,4.82850545247396,2.8125,2.81249999999994,2.81250000000007,0,0,0,1.54776314208937e-16,1,37.3818561
25,0,100025,200025,300025,30,30,0.000611929016041563,0.0193508945703705,1500.00000005629,20.0000000940567,1448.55163574219,1552.77770996094,1000.00000019703,15.0000000350151,955.971862792969,1039.66357421875,-0.12463692263726,6.44007183761774,2485,15.9971384446425,4.82850545247396,2.8125,2.81249999999994,2.81250000000007,0,0,0,1.54776314208937e-16,1,37.3818561
26,0,100026,200026,300026,5,5,0.0111262972060148,0.0197856652314297,1500.00000021524,19.9999999395877,1429.16870117188,1544.40002441406,999.999999892381,14.9999999297781,951.851196289062,1032.14184570312,-0.0968446716753499,6.47500637264879,2472,15.9997407468152,4.76389567057292,2.8125,2.81249999999994,2.81250000000007,0,0,0,1.51563986960011e-16,1,38.2063622
26,0,100026,200026,300026,10,10,0.00625677671529203,0.0197856652314297,1500.00000021524,19.9999999395877,1429.16870117188,1544.40002441406,999.999999892381,14.9999999297781,951.851196289062,1032.14184570312,-0.0968446716753499,6.47500637264879,2472,15.9997407468152,4.76389567057292,2.8125,2.81249999999994,2.81250000000007,0,0,0,1.51563986960011e-16,1,38.2063622
26,0,100026,200026,300026,15,15,0.00351844410949744,0.0197856652314297,1500.00000021524,19.9999999395877,1429.16870117188,1544.40002441406,999.999999892381,14.9999999297781,951.851196289062,1032.14184570312,-0.0968446716753499,6.47500637264879,2472,15.9997407468152,4.76389567057292,2.8125,2.81249999999994,2.81250000000007,0,0,0,1.51563986960011e-16,1,38.2063622
26,0,100026,200026,300026,20,20,0.00197856652314297,0.0197856652314297,1500.00000021524,19.9999999395877,1429.16870117188,1544.40002441406,999.999999892381,14.9999999297781,951.851196289062,1032.14184570312,-0.0968446716753499,6.47500637264879,2472,15.9997407468152,4.76389567057292,2.8125,2.81249999999994,2.81250000000007,0,0,0,1.51563986960011e-16,1,38.2063622
26,0,100026,200026,300026,30,30,0.000625677671529203,0.0197856652314297,1500.00000021524,19.9999999395877,1429.16870117188,1544.40002441406,999.999999892381,14.9999999297781,951.851196289062,1032.14184570312,-0.0968446716753499,6.47500637264879,2472,15.9997407468152,4.76389567057292,2.8125,2.81249999999994,2.81250000000007,0,0,0,1.51563986960011e-16,1,38.2063622
27,0,100027,200027,300027,5,5,0.0108844668632257,0.0193556233121252,1499.99999995364,19.9999999860268,1450.40832519531,1542.84045410156,999.99999998841,14.9999999102083,959.423767089844,1035.29333496094,0.17394971843836,6.48155159103815,2469,15.9964693266821,4.83469441731771,2.8125,2.81249999999994,2.81250000000007,0,0,0,1.54881941140396e-16,1,39.667298
27,0,100027,200027,300027,10,10,0.00612078551985679,0.0193556233121252,1499.99999995364,19.9999999860268,1450.40832519531,1542.84045410156,999.99999998841,14.9999999102083,959.423767089844,1035.29333496094,0.17394971843836,6.48155159103815,2469,15.9964693266821,4.83469441731771,2.8125,2.81249999999994,2.81250000000007,0,0,0,1.54881941140396e-16,1,39.667298
27,0,100027,200027,300027,15,15,0.00344197064044216,0.0193556233121252,1499.99999995364,19.9999999860268,1450.40832519531,1542.84045410156,999.99999998841,14.9999999102083,959.423767089844,1035.29333496094,0.17394971843836,6.48155159103815,2469,15.9964693266821,4.83469441731771,2.8125,2.81249999999994,2.81250000000007,0,0,0,1.54881941140396e-16,1,39.667298
27,0,100027,200027,300027,20,20,0.00193556233121252,0.0193556233121252,1499.99999995364,19.9999999860268,1450.40832519531,1542.84045410156,999.99999998841,14.9999999102083,959.423767089844,1035.29333496094,0.17394971843836,6.48155159103815,2469,15.9964693266821,4.83469441731771,2.8125,2.81249999999994,2.81250000000007,0,0,0,1.54881941140396e-16,1,39.667298
27,0,100027,200027,300027,30,30,0.000612078551985679,0.0193556233121252,1499.99999995364,19.9999999860268,1450.40832519531,1542.84045410156,999.99999998841,14.9999999102083,959.423767089844,1035.29333496094,0.17394971843836,6.48155159103815,2469,15.9964693266821,4.83469441731771,2.8125,2.81249999999994,2.81250000000007,0,0,0,1.54881941140396e-16,1,39.667298
28,0,100028,200028,300028,5,5,0.0111385121971004,0.0198073868985711,1499.99999979801,20.0000001957329,1449.99572753906,1547.91137695312,1000.00000002484,15.0000000176782,953.134460449219,1035.1484375,-0.0545168767607579,6.46031817382451,2477,15.9957477983895,4.83331909179688,2.8125,2.81249999999994,2.81250000000007,0,0,0,1.35288723440446e-16,1,40.5550878
28,0,100028,200028,300028,10,10,0.00626364570956631,0.0198073868985711,1499.99999979801,20.0000001957329,1449.99572753906,1547.91137695312,1000.00000002484,15.0000000176782,953.134460449219,1035.1484375,-0.0545168767607579,6.46031817382451,2477,15.9957477983895,4.83331909179688,2.8125,2.81249999999994,2.81250000000007,0,0,0,1.35288723440446e-16,1,40.5550878
28,0,100028,200028,300028,15,15,0.00352230682884036,0.0198073868985711,1499.99999979801,20.0000001957329,1449.99572753906,1547.91137695312,1000.00000002484,15.0000000176782,953.134460449219,1035.1484375,-0.0545168767607579,6.46031817382451,2477,15.9957477983895,4.83331909179688,2.8125,2.81249999999994,2.81250000000007,0,0,0,1.35288723440446e-16,1,40.5550878
28,0,100028,200028,300028,20,20,0.00198073868985711,0.0198073868985711,1499.99999979801,20.0000001957329,1449.99572753906,1547.91137695312,1000.00000002484,15.0000000176782,953.134460449219,1035.1484375,-0.0545168767607579,6.46031817382451,2477,15.9957477983895,4.83331909179688,2.8125,2.81249999999994,2.81250000000007,0,0,0,1.35288723440446e-16,1,40.5550878
28,0,100028,200028,300028,30,30,0.000626364570956631,0.0198073868985711,1499.99999979801,20.0000001957329,1449.99572753906,1547.91137695312,1000.00000002484,15.0000000176782,953.134460449219,1035.1484375,-0.0545168767607579,6.46031817382451,2477,15.9957477983895,4.83331909179688,2.8125,2.81249999999994,2.81250000000007,0,0,0,1.35288723440446e-16,1,40.5550878
29,0,100029,200029,300029,5,5,0.0109703895210365,0.019508417805366,1500.00000011259,20.000000111022,1435.75598144531,1536.13891601562,999.999999761581,15.0000000340019,962.369873046875,1040.38952636719,0.193329581818981,6.50982791708552,2458,15.9946471922791,4.78585327148437,2.8125,2.81249999999994,2.81250000000007,0,0,0,2.57240950267102e-16,1,37.8920675
29,0,100029,200029,300029,10,10,0.00616910338111398,0.019508417805366,1500.00000011259,20.000000111022,1435.75598144531,1536.13891601562,999.999999761581,15.0000000340019,962.369873046875,1040.38952636719,0.193329581818981,6.50982791708552,2458,15.9946471922791,4.78585327148437,2.8125,2.81249999999994,2.81250000000007,0,0,0,2.57240950267102e-16,1,37.8920675
29,0,100029,200029,300029,15,15,0.0034691417705719,0.019508417805366,1500.00000011259,20.000000111022,1435.75598144531,1536.13891601562,999.999999761581,15.0000000340019,962.369873046875,1040.38952636719,0.193329581818981,6.50982791708552,2458,15.9946471922791,4.78585327148437,2.8125,2.81249999999994,2.81250000000007,0,0,0,2.57240950267102e-16,1,37.8920675
29,0,100029,200029,300029,20,20,0.0019508417805366,0.019508417805366,1500.00000011259,20.000000111022,1435.75598144531,1536.13891601562,999.999999761581,15.0000000340019,962.369873046875,1040.38952636719,0.193329581818981,6.50982791708552,2458,15.9946471922791,4.78585327148437,2.8125,2.81249999999994,2.81250000000007,0,0,0,2.57240950267102e-16,1,37.8920675
29,0,100029,200029,300029,30,30,0.000616910338111398,0.019508417805366,1500.00000011259,20.000000111022,1435.75598144531,1536.13891601562,999.999999761581,15.0000000340019,962.369873046875,1040.38952636719,0.193329581818981,6.50982791708552,2458,15.9946471922791,4.78585327148437,2.8125,2.81249999999994,2.81250000000007,0,0,0,2.57240950267102e-16,1,37.8920675
30,0,100030,200030,300030,5,5,0.0110031596126808,0.0195666921846021,1500.00000013908,20.0000002501043,1446.74438476562,1553.177734375,999.999999985099,14.9999999967299,947.730102539062,1031.99475097656,0.14728750892564,6.43841318265099,2486,15.9994567588877,4.82248128255208,2.8125,2.81249999999994,2.81250000000007,0,0,0,1.9190143678531e-16,1,37.8213353
30,0,100030,200030,300030,10,10,0.00618753135787583,0.0195666921846021,1500.00000013908,20.0000002501043,1446.74438476562,1553.177734375,999.999999985099,14.9999999967299,947.730102539062,1031.99475097656,0.14728750892564,6.43841318265099,2486,15.9994567588877,4.82248128255208,2.8125,2.81249999999994,2.81250000000007,0,0,0,1.9190143678531e-16,1,37.8213353
30,0,100030,200030,300030,15,15,0.00347950458344473,0.0195666921846021,1500.00000013908,20.0000002501043,1446.74438476562,1553.177734375,999.999999985099,14.9999999967299,947.730102539062,1031.99475097656,0.14728750892564,6.43841318265099,2486,15.9994567588877,4.82248128255208,2.8125,2.81249999999994,2.81250000000007,0,0,0,1.9190143678531e-16,1,37.8213353
30,0,100030,200030,300030,20,20,0.00195666921846021,0.0195666921846021,1500.00000013908,20.0000002501043,1446.74438476562,1553.177734375,999.999999985099,14.9999999967299,947.730102539062,1031.99475097656,0.14728750892564,6.43841318265099,2486,15.9994567588877,4.82248128255208,2.8125,2.81249999999994,2.81250000000007,0,0,0,1.9190143678531e-16,1,37.8213353
30,0,100030,200030,300030,30,30,0.000618753135787583,0.0195666921846021,1500.00000013908,20.0000002501043,1446.74438476562,1553.177734375,999.999999985099,14.9999999967299,947.730102539062,1031.99475097656,0.14728750892564,6.43841318265099,2486,15.9994567588877,4.82248128255208,2.8125,2.81249999999994,2.81250000000007,0,0,0,1.9190143678531e-16,1,37.8213353
31,0,100031,200031,300031,5,5,0.0108224464236845,0.0192453336414876,1500.00000003643,20.0000000202594,1454.05529785156,1555.66589355469,999.999999937084,14.9999999410739,962.101013183594,1034.04406738281,0.0353969388664228,6.42811547224325,2490,15.9995794104134,4.84685099283854,2.8125,2.81249999999994,2.81250000000007,0,0,0,1.88461910672183e-16,1,39.6922021
31,0,100031,200031,300031,10,10,0.0060859088636963,0.0192453336414876,1500.00000003643,20.0000000202594,1454.05529785156,1555.66589355469,999.999999937084,14.9999999410739,962.101013183594,1034.04406738281,0.0353969388664228,6.42811547224325,2490,15.9995794104134,4.84685099283854,2.8125,2.81249999999994,2.81250000000007,0,0,0,1.88461910672183e-16,1,39.6922021
31,0,100031,200031,300031,15,15,0.00342235805539867,0.0192453336414876,1500.00000003643,20.0000000202594,1454.05529785156,1555.66589355469,999.999999937084,14.9999999410739,962.101013183594,1034.04406738281,0.0353969388664228,6.42811547224325,2490,15.9995794104134,4.84685099283854,2.8125,2.81249999999994,2.81250000000007,0,0,0,1.88461910672183e-16,1,39.6922021
31,0,100031,200031,300031,20,20,0.00192453336414875,0.0192453336414876,1500.00000003643,20.0000000202594,1454.05529785156,1555.66589355469,999.999999937084,14.9999999410739,962.101013183594,1034.04406738281,0.0353969388664228,6.42811547224325,2490,15.9995794104134,4.84685099283854,2.8125,2.81249999999994,2.81250000000007,0,0,0,1.88461910672183e-16,1,39.6922021
31,0,100031,200031,300031,30,30,0.00060859088636963,0.0192453336414876,1500.00000003643,20.0000000202594,1454.05529785156,1555.66589355469,999.999999937084,14.9999999410739,962.101013183594,1034.04406738281,0.0353969388664228,6.42811547224325,2490,15.9995794104134,4.84685099283854,2.8125,2.81249999999994,2.81250000000007,0,0,0,1.88461910672183e-16,1,39.6922021
32,0,100032,200032,300032,5,5,0.0107957743043549,0.0191979031608616,1500.00000013908,20.000000244846,1424.61889648438,1537.89562988281,1000.00000009934,14.9999999842358,958.749938964844,1039.26342773438,-0.129336006175644,6.50239184356223,2461,15.9958839351631,4.74872965494792,2.8125,2.81249999999994,2.81250000000007,0,0,0,1.88132750385163e-16,1,42.2706023
32,0,100032,200032,300032,10,10,0.00607091002876686,0.0191979031608616,1500.00000013908,20.000000244846,1424.61889648438,1537.89562988281,1000.00000009934,14.9999999842358,958.749938964844,1039.26342773438,-0.129336006175644,6.50239184356223,2461,15.9958839351631,4.74872965494792,2.8125,2.81249999999994,2.81250000000007,0,0,0,1.88132750385163e-16,1,42.2706023
32,0,100032,200032,300032,15,15,0.00341392359068813,0.0191979031608616,1500.00000013908,20.000000244846,1424.61889648438,1537.89562988281,1000.00000009934,14.9999999842358,958.749938964844,1039.26342773438,-0.129336006175644,6.50239184356223,2461,15.9958839351631,4.74872965494792,2.8125,2.81249999999994,2.81250000000007,0,0,0,1.88132750385163e-16,1,42.2706023
32,0,100032,200032,300032,20,20,0.00191979031608616,0.0191979031608616,1500.00000013908,20.000000244846,1424.61889648438,1537.89562988281,1000.00000009934,14.9999999842358,958.749938964844,1039.26342773438,-0.129336006175644,6.50239184356223,2461,15.9958839351631,4.74872965494792,2.8125,2.81249999999994,2.81250000000007,0,0,0,1.88132750385163e-16,1,42.2706023
32,0,100032,200032,300032,30,30,0.000607091002876686,0.0191979031608616,1500.00000013908,20.000000244846,1424.61889648438,1537.89562988281,1000.00000009934,14.9999999842358,958.749938964844,1039.26342773438,-0.129336006175644,6.50239184356223,2461,15.9958839351631,4.74872965494792,2.8125,2.81249999999994,2.81250000000007,0,0,0,1.88132750385163e-16,1,42.2706023
33,0,100033,200033,300033,5,5,0.0110445738290618,0.0196403382328753,1500.00000006623,20.0000004017315,1450.78601074219,1559.04748535156,999.999999900659,14.9999999571842,962.455505371094,1044.93481445312,-0.0906622492179495,6.41417281638796,2495,15.9969470040716,4.83595336914062,2.8125,2.81249999999994,2.81250000000007,0,0,0,2.35840506668482e-16,1,41.0505632
33,0,100033,200033,300033,10,10,0.00621082028319725,0.0196403382328753,1500.00000006623,20.0000004017315,1450.78601074219,1559.04748535156,999.999999900659,14.9999999571842,962.455505371094,1044.93481445312,-0.0906622492179495,6.41417281638796,2495,15.9969470040716,4.83595336914062,2.8125,2.81249999999994,2.81250000000007,0,0,0,2.35840506668482e-16,1,41.0505632
33,0,100033,200033,300033,15,15,0.00349260090857224,0.0196403382328753,1500.00000006623,20.0000004017315,1450.78601074219,1559.04748535156,999.999999900659,14.9999999571842,962.455505371094,1044.93481445312,-0.0906622492179495,6.41417281638796,2495,15.9969470040716,4.83595336914062,2.8125,2.81249999999994,2.81250000000007,0,0,0,2.35840506668482e-16,1,41.0505632
33,0,100033,200033,300033,20,20,0.00196403382328753,0.0196403382328753,1500.00000006623,20.0000004017315,1450.78601074219,1559.04748535156,999.999999900659,14.9999999571842,962.455505371094,1044.93481445312,-0.0906622492179495,6.41417281638796,2495,15.9969470040716,4.83595336914062,2.8125,2.81249999999994,2.81250000000007,0,0,0,2.35840506668482e-16,1,41.0505632
33,0,100033,200033,300033,30,30,0.000621082028319725,0.0196403382328753,1500.00000006623,20.0000004017315,1450.78601074219,1559.04748535156,999.999999900659,14.9999999571842,962.455505371094,1044.93481445312,-0.0906622492179495,6.41417281638796,2495,15.9969470040716,4.83595336914062,2.8125,2.81249999999994,2.81250000000007,0,0,0,2.35840506668482e-16,1,41.0505632
34,0,100034,200034,300034,5,5,0.0109538370725116,0.0194789829269685,1499.99999984105,19.9999997926211,1451.61315917969,1542.85266113281,999.999999991722,14.9999998172192,967.727355957031,1034.02270507812,0.281085512105313,6.4815003090818,2469,15.9963427628139,4.83871053059896,2.8125,2.81249999999994,2.81250000000007,0,0,0,1.91814166894048e-16,1,39.344565
34,0,100034,200034,300034,10,10,0.00615979525527536,0.0194789829269685,1499.99999984105,19.9999997926211,1451.61315917969,1542.85266113281,999.999999991722,14.9999998172192,967.727355957031,1034.02270507812,0.281085512105313,6.4815003090818,2469,15.9963427628139,4.83871053059896,2.8125,2.81249999999994,2.81250000000007,0,0,0,1.91814166894048e-16,1,39.344565
34,0,100034,200034,300034,15,15,0.00346390742675277,0.0194789829269685,1499.99999984105,19.9999997926211,1451.61315917969,1542.85266113281,999.999999991722,14.9999998172192,967.727355957031,1034.02270507812,0.281085512105313,6.4815003090818,2469,15.9963427628139,4.83871053059896,2.8125,2.81249999999994,2.81250000000007,0,0,0,1.91814166894048e-16,1,39.344565
34,0,100034,200034,300034,20,20,0.00194789829269685,0.0194789829269685,1499.99999984105,19.9999997926211,1451.61315917969,1542.85266113281,999.999999991722,14.9999998172192,967.727355957031,1034.02270507812,0.281085512105313,6.4815003090818,2469,15.9963427628139,4.83871053059896,2.8125,2.81249999999994,2.81250000000007,0,0,0,1.91814166894048e-16,1,39.344565
34,0,100034,200034,300034,30,30,0.000615979525527536,0.0194789829269685,1499.99999984105,19.9999997926211,1451.61315917969,1542.85266113281,999.999999991722,14.9999998172192,967.727355957031,1034.02270507812,0.281085512105313,6.4815003090818,2469,15.9963427628139,4.83871053059896,2.8125,2.81249999999994,2.81250000000007,0,0,0,1.91814166894048e-16,1,39.344565
35,0,100035,200035,300035,5,5,0.0110533108283529,0.0196558750588201,1500.00000032451,20.0000002825896,1448.06103515625,1549.728515625,1000.0000001308,15.0000000637232,961.652770996094,1032.56921386719,0.0883380889756303,6.45274310898708,2480,15.996350167179,4.8268701171875,2.8125,2.81249999999994,2.81250000000007,0,0,0,1.84949187415744e-16,1,39.0992978
35,0,100035,200035,300035,10,10,0.00621573345895678,0.0196558750588201,1500.00000032451,20.0000002825896,1448.06103515625,1549.728515625,1000.0000001308,15.0000000637232,961.652770996094,1032.56921386719,0.0883380889756303,6.45274310898708,2480,15.996350167179,4.8268701171875,2.8125,2.81249999999994,2.81250000000007,0,0,0,1.84949187415744e-16,1,39.0992978
35,0,100035,200035,300035,15,15,0.00349536379033975,0.0196558750588201,1500.00000032451,20.0000002825896,1448.06103515625,1549.728515625,1000.0000001308,15.0000000637232,961.652770996094,1032.56921386719,0.0883380889756303,6.45274310898708,2480,15.996350167179,4.8268701171875,2.8125,2.81249999999994,2.81250000000007,0,0,0,1.84949187415744e-16,1,39.0992978
35,0,100035,200035,300035,20,20,0.00196558750588201,0.0196558750588201,1500.00000032451,20.0000002825896,1448.06103515625,1549.728515625,1000.0000001308,15.0000000637232,961.652770996094,1032.56921386719,0.0883380889756303,6.45274310898708,2480,15.996350167179,4.8268701171875,2.8125,2.81249999999994,2.81250000000007,0,0,0,1.84949187415744e-16,1,39.0992978
35,0,100035,200035,300035,30,30,0.000621573345895678,0.0196558750588201,1500.00000032451,20.0000002825896,1448.06103515625,1549.728515625,1000.0000001308,15.0000000637232,961.652770996094,1032.56921386719,0.0883380889756303,6.45274310898708,2480,15.996350167179,4.8268701171875,2.8125,2.81249999999994,2.81250000000007,0,0,0,1.84949187415744e-16,1,39.0992978
36,0,100036,200036,300036,5,5,0.0110113376822919,0.0195812350774054,1500.00000012914,19.9999997605911,1449.48974609375,1569.88049316406,999.999999935428,14.9999999207225,961.327331542969,1038.98474121094,-0.104748253210202,6.36991162291927,2512,15.9948480851503,4.83163248697917,2.8125,2.81249999999994,2.81250000000007,0,0,0,7.30285112572653e-17,1,39.2443319
36,0,100036,200036,300036,10,10,0.00619213022437845,0.0195812350774054,1500.00000012914,19.9999997605911,1449.48974609375,1569.88049316406,999.999999935428,14.9999999207225,961.327331542969,1038.98474121094,-0.104748253210202,6.36991162291927,2512,15.9948480851503,4.83163248697917,2.8125,2.81249999999994,2.81250000000007,0,0,0,7.30285112572653e-17,1,39.2443319
36,0,100036,200036,300036,15,15,0.00348209071612819,0.0195812350774054,1500.00000012914,19.9999997605911,1449.48974609375,1569.88049316406,999.999999935428,14.9999999207225,961.327331542969,1038.98474121094,-0.104748253210202,6.36991162291927,2512,15.9948480851503,4.83163248697917,2.8125,2.81249999999994,2.81250000000007,0,0,0,7.30285112572653e-17,1,39.2443319
36,0,100036,200036,300036,20,20,0.00195812350774054,0.0195812350774054,1500.00000012914,19.9999997605911,1449.48974609375,1569.88049316406,999.999999935428,14.9999999207225,961.327331542969,1038.98474121094,-0.104748253210202,6.36991162291927,2512,15.9948480851503,4.83163248697917,2.8125,2.81249999999994,2.81250000000007,0,0,0,7.30285112572653e-17,1,39.2443319
36,0,100036,200036,300036,30,30,0.000619213022437845,0.0195812350774054,1500.00000012914,19.9999997605911,1449.48974609375,1569.88049316406,999.999999935428,14.9999999207225,961.327331542969,1038.98474121094,-0.104748253210202,6.36991162291927,2512,15.9948480851503,4.83163248697917,2.8125,2.81249999999994,2.81250000000007,0,0,0,7.30285112572653e-17,1,39.2443319
37,0,100037,200037,300037,5,5,0.0111238747620186,0.0197813574491492,1500.00000022517,20.0000000590814,1447.025390625,1538.24536132812,999.999999925494,14.9999999935387,965.878295898438,1052.88244628906,-0.0792622938326533,6.50091347674598,2462,15.9987480662719,4.82341796875,2.8125,2.81249999999994,2.81250000000007,0,0,0,1.84135254445787e-16,1,38.1273485
37,0,100037,200037,300037,10,10,0.006255414474925,0.0197813574491492,1500.00000022517,20.0000000590814,1447.025390625,1538.24536132812,999.999999925494,14.9999999935387,965.878295898438,1052.88244628906,-0.0792622938326533,6.50091347674598,2462,15.9987480662719,4.82341796875,2.8125,2.81249999999994,2.81250000000007,0,0,0,1.84135254445787e-16,1,38.1273485
37,0,100037,200037,300037,15,15,0.00351767806544421,0.0197813574491492,1500.00000022517,20.0000000590814,1447.025390625,1538.24536132812,999.999999925494,14.9999999935387,965.878295898438,1052.88244628906,-0.0792622938326533,6.50091347674598,2462,15.9987480662719,4.82341796875,2.8125,2.81249999999994,2.81250000000007,0,0,0,1.84135254445787e-16,1,38.1273485
37,0,100037,200037,300037,20,20,0.00197813574491492,0.0197813574491492,1500.00000022517,20.0000000590814,1447.025390625,1538.24536132812,999.999999925494,14.9999999935387,965.878295898438,1052.88244628906,-0.0792622938326533,6.50091347674598,2462,15.9987480662719,4.82341796875,2.8125,2.81249999999994,2.81250000000007,0,0,0,1.84135254445787e-16,1,38.1273485
37,0,100037,200037,300037,30,30,0.0006255414474925,0.0197813574491492,1500.00000022517,20.0000000590814,1447.025390625,1538.24536132812,999.999999925494,14.9999999935387,965.878295898438,1052.88244628906,-0.0792622938326533,6.50091347674598,2462,15.9987480662719,4.82341796875,2.8125,2.81249999999994,2.81250000000007,0,0,0,1.84135254445787e-16,1,38.1273485
38,0,100038,200038,300038,5,5,0.0109692172081777,0.019506333105547,1500.00000020862,19.9999996197938,1432.9111328125,1547.47204589844,1000.00000002152,15.0000000081811,959.744262695312,1039.53454589844,-0.0216909459879776,6.46215227377123,2476,15.9938268775838,4.77637044270833,2.8125,2.81249999999994,2.81250000000007,0,0,0,1.91721083321836e-16,1,38.4711763
38,0,100038,200038,300038,10,10,0.00616844414114742,0.019506333105547,1500.00000020862,19.9999996197938,1432.9111328125,1547.47204589844,1000.00000002152,15.0000000081811,959.744262695312,1039.53454589844,-0.0216909459879776,6.46215227377123,2476,15.9938268775838,4.77637044270833,2.8125,2.81249999999994,2.81250000000007,0,0,0,1.91721083321836e-16,1,38.4711763
38,0,100038,200038,300038,15,15,0.00346877105269548,0.019506333105547,1500.00000020862,19.9999996197938,1432.9111328125,1547.47204589844,1000.00000002152,15.0000000081811,959.744262695312,1039.53454589844,-0.0216909459879776,6.46215227377123,2476,15.9938268775838,4.77637044270833,2.8125,2.81249999999994,2.81250000000007,0,0,0,1.91721083321836e-16,1,38.4711763
38,0,100038,200038,300038,20,20,0.0019506333105547,0.019506333105547,1500.00000020862,19.9999996197938,1432.9111328125,1547.47204589844,1000.00000002152,15.0000000081811,959.744262695312,1039.53454589844,-0.0216909459879776,6.46215227377123,2476,15.9938268775838,4.77637044270833,2.8125,2.81249999999994,2.81250000000007,0,0,0,1.91721083321836e-16,1,38.4711763
38,0,100038,200038,300038,30,30,0.000616844414114742,0.019506333105547,1500.00000020862,19.9999996197938,1432.9111328125,1547.47204589844,1000.00000002152,15.0000000081811,959.744262695312,1039.53454589844,-0.0216909459879776,6.46215227377123,2476,15.9938268775838,4.77637044270833,2.8125,2.81249999999994,2.81250000000007,0,0,0,1.91721083321836e-16,1,38.4711763
39,0,100039,200039,300039,5,5,0.0109965883168873,0.0195550065845953,1500.00000000331,19.9999997645622,1458.37841796875,1551.72399902344,1000.0000000596,14.9999999867335,957.423156738281,1034.38598632812,-0.35743198374678,6.44444502133975,2483,15.9951125429653,4.86126139322917,2.8125,2.81249999999994,2.81250000000007,0,0,0,3.37238340244872e-16,1,38.9083561
39,0,100039,200039,300039,10,10,0.00618383604669112,0.0195550065845953,1500.00000000331,19.9999997645622,1458.37841796875,1551.72399902344,1000.0000000596,14.9999999867335,957.423156738281,1034.38598632812,-0.35743198374678,6.44444502133975,2483,15.9951125429653,4.86126139322917,2.8125,2.81249999999994,2.81250000000007,0,0,0,3.37238340244872e-16,1,38.9083561
39,0,100039,200039,300039,15,15,0.00347742655725613,0.0195550065845953,1500.00000000331,19.9999997645622,1458.37841796875,1551.72399902344,1000.0000000596,14.9999999867335,957.423156738281,1034.38598632812,-0.35743198374678,6.44444502133975,2483,15.9951125429653,4.86126139322917,2.8125,2.81249999999994,2.81250000000007,0,0,0,3.37238340244872e-16,1,38.9083561
39,0,100039,200039,300039,20,20,0.00195550065845953,0.0195550065845953,1500.00000000331,19.9999997645622,1458.37841796875,1551.72399902344,1000.0000000596,14.9999999867335,957.423156738281,1034.38598632812,-0.35743198374678,6.44444502133975,2483,15.9951125429653,4.86126139322917,2.8125,2.81249999999994,2.81250000000007,0,0,0,3.37238340244872e-16,1,38.9083561
39,0,100039,200039,300039,30,30,0.000618383604669112,0.0195550065845953,1500.00000000331,19.9999997645622,1458.37841796875,1551.72399902344,1000.0000000596,14.9999999867335,957.423156738281,1034.38598632812,-0.35743198374678,6.44444502133975,2483,15.9951125429653,4.86126139322917,2.8125,2.81249999999994,2.81250000000007,0,0,0,3.37238340244872e-16,1,38.9083561
40,0,100040,200040,300040,5,5,0.0110003664851224,0.0195617252233755,1499.99999980794,20.0000002155688,1426.89111328125,1543.67529296875,999.999999975165,15.0000000219052,964.128723144531,1044.81506347656,-0.292937611176518,6.47804628703249,2470,15.9942962826832,4.7563037109375,2.8125,2.81249999999994,2.81250000000007,0,0,0,1.70271122666147e-16,1,37.7996814
40,0,100040,200040,300040,10,10,0.00618596066682325,0.0195617252233755,1499.99999980794,20.0000002155688,1426.89111328125,1543.67529296875,999.999999975165,15.0000000219052,964.128723144531,1044.81506347656,-0.292937611176518,6.47804628703249,2470,15.9942962826832,4.7563037109375,2.8125,2.81249999999994,2.81250000000007,0,0,0,1.70271122666147e-16,1,37.7996814
40,0,100040,200040,300040,15,15,0.00347862131895676,0.0195617252233755,1499.99999980794,20.0000002155688,1426.89111328125,1543.67529296875,999.999999975165,15.0000000219052,964.128723144531,1044.81506347656,-0.292937611176518,6.47804628703249,2470,15.9942962826832,4.7563037109375,2.8125,2.81249999999994,2.81250000000007,0,0,0,1.70271122666147e-16,1,37.7996814
40,0,100040,200040,300040,20,20,0.00195617252233755,0.0195617252233755,1499.99999980794,20.0000002155688,1426.89111328125,1543.67529296875,999.999999975165,15.0000000219052,964.128723144531,1044.81506347656,-0.292937611176518,6.47804628703249,2470,15.9942962826832,4.7563037109375,2.8125,2.81249999999994,2.81250000000007,0,0,0,1.70271122666147e-16,1,37.7996814
40,0,100040,200040,300040,30,30,0.000618596066682325,0.0195617252233755,1499.99999980794,20.0000002155688,1426.89111328125,1543.67529296875,999.999999975165,15.0000000219052,964.128723144531,1044.81506347656,-0.292937611176518,6.47804628703249,2470,15.9942962826832,4.7563037109375,2.8125,2.81249999999994,2.81250000000007,0,0,0,1.70271122666147e-16,1,37.7996814
41,0,100041,200041,300041,5,5,0.0110700956155508,0.0196857231002961,1499.99999988079,20.0000001176043,1460.37426757812,1551.10998535156,999.999999956952,14.9999998034075,963.958618164062,1045.06750488281,0.0273425322818435,6.44699608308787,2482,15.994997282141,4.86791422526042,2.8125,2.81249999999994,2.81250000000007,0,0,0,1.86522910138954e-16,1,38.1603953
41,0,100041,200041,300041,10,10,0.00622517223843271,0.0196857231002961,1499.99999988079,20.0000001176043,1460.37426757812,1551.10998535156,999.999999956952,14.9999998034075,963.958618164062,1045.06750488281,0.0273425322818435,6.44699608308787,2482,15.994997282141,4.86791422526042,2.8125,2.81249999999994,2.81250000000007,0,0,0,1.86522910138954e-16,1,38.1603953
41,0,100041,200041,300041,15,15,0.00350067160609842,0.0196857231002961,1499.99999988079,20.0000001176043,1460.37426757812,1551.10998535156,999.999999956952,14.9999998034075,963.958618164062,1045.06750488281,0.0273425322818435,6.44699608308787,2482,15.994997282141,4.86791422526042,2.8125,2.81249999999994,2.81250000000007,0,0,0,1.86522910138954e-16,1,38.1603953
41,0,100041,200041,300041,20,20,0.00196857231002961,0.0196857231002961,1499.99999988079,20.0000001176043,1460.37426757812,1551.10998535156,999.999999956952,14.9999998034075,963.958618164062,1045.06750488281,0.0273425322818435,6.44699608308787,2482,15.994997282141,4.86791422526042,2.8125,2.81249999999994,2.81250000000007,0,0,0,1.86522910138954e-16,1,38.1603953
41,0,100041,200041,300041,30,30,0.000622517223843271,0.0196857231002961,1499.99999988079,20.0000001176043,1460.37426757812,1551.10998535156,999.999999956952,14.9999998034075,963.958618164062,1045.06750488281,0.0273425322818435,6.44699608308787,2482,15.994997282141,4.86791422526042,2.8125,2.81249999999994,2.81250000000007,0,0,0,1.86522910138954e-16,1,38.1603953
42,0,100042,200042,300042,5,5,0.0109588790643472,0.0194879489972353,1499.99999995364,19.9999999069709,1439.39135742188,1550.48400878906,999.999999817875,14.9999998502139,963.860961914062,1047.54943847656,-0.164823579534413,6.44959892737627,2481,15.9950053398932,4.79797119140625,2.8125,2.81249999999994,2.81250000000007,0,0,0,2.96471907643707e-16,1,38.6160941
42,0,100042,200042,300042,10,10,0.00616263057564578,0.0194879489972353,1499.99999995364,19.9999999069709,1439.39135742188,1550.48400878906,999.999999817875,14.9999998502139,963.860961914062,1047.54943847656,-0.164823579534413,6.44959892737627,2481,15.9950053398932,4.79797119140625,2.8125,2.81249999999994,2.81250000000007,0,0,0,2.96471907643707e-16,1,38.6160941
42,0,100042,200042,300042,15,15,0.00346550184456721,0.0194879489972353,1499.99999995364,19.9999999069709,1439.39135742188,1550.48400878906,999.999999817875,14.9999998502139,963.860961914062,1047.54943847656,-0.164823579534413,6.44959892737627,2481,15.9950053398932,4.79797119140625,2.8125,2.81249999999994,2.81250000000007,0,0,0,2.96471907643707e-16,1,38.6160941
42,0,100042,200042,300042,20,20,0.00194879489972353,0.0194879489972353,1499.99999995364,19.9999999069709,1439.39135742188,1550.48400878906,999.999999817875,14.9999998502139,963.860961914062,1047.54943847656,-0.164823579534413,6.44959892737627,2481,15.9950053398932,4.79797119140625,2.8125,2.81249999999994,2.81250000000007,0,0,0,2.96471907643707e-16,1,38.6160941
42,0,100042,200042,300042,30,30,0.000616263057564578,0.0194879489972353,1499.99999995364,19.9999999069709,1439.39135742188,1550.48400878906,999.999999817875,14.9999998502139,963.860961914062,1047.54943847656,-0.164823579534413,6.44959892737627,2481,15.9950053398932,4.79797119140625,2.8125,2.81249999999994,2.81250000000007,0,0,0,2.96471907643707e-16,1,38.6160941
43,0,100043,200043,300043,5,5,0.0111627215115619,0.0198504378240091,1500.00000007947,20.0000000141257,1455.2431640625,1540.92834472656,999.999999981787,15.000000098162,957.765625,1034.50927734375,0.19734601332414,6.48959442807478,2466,15.9968502652043,4.850810546875,2.8125,2.81249999999994,2.81250000000007,0,0,0,7.34081737232294e-17,1,40.7230707
43,0,100043,200043,300043,10,10,0.00627725960754255,0.0198504378240091,1500.00000007947,20.0000000141257,1455.2431640625,1540.92834472656,999.999999981787,15.000000098162,957.765625,1034.50927734375,0.19734601332414,6.48959442807478,2466,15.9968502652043,4.850810546875,2.8125,2.81249999999994,2.81250000000007,0,0,0,7.34081737232294e-17,1,40.7230707
43,0,100043,200043,300043,15,15,0.00352996248626933,0.0198504378240091,1500.00000007947,20.0000000141257,1455.2431640625,1540.92834472656,999.999999981787,15.000000098162,957.765625,1034.50927734375,0.19734601332414,6.48959442807478,2466,15.9968502652043,4.850810546875,2.8125,2.81249999999994,2.81250000000007,0,0,0,7.34081737232294e-17,1,40.7230707
43,0,100043,200043,300043,20,20,0.00198504378240091,0.0198504378240091,1500.00000007947,20.0000000141257,1455.2431640625,1540.92834472656,999.999999981787,15.000000098162,957.765625,1034.50927734375,0.19734601332414,6.48959442807478,2466,15.9968502652043,4.850810546875,2.8125,2.81249999999994,2.81250000000007,0,0,0,7.34081737232294e-17,1,40.7230707
43,0,100043,200043,300043,30,30,0.000627725960754255,0.0198504378240091,1500.00000007947,20.0000000141257,1455.2431640625,1540.92834472656,999.999999981787,15.000000098162,957.765625,1034.50927734375,0.19734601332414,6.48959442807478,2466,15.9968502652043,4.850810546875,2.8125,2.81249999999994,2.81250000000007,0,0,0,7.34081737232294e-17,1,40.7230707
44,0,100044,200044,300044,5,5,0.0111383448538783,0.0198070893155648,1500.00000053975,19.999999854044,1449.70373535156,1548.97131347656,999.999999917216,14.9999996590148,952.486022949219,1037.84924316406,-0.0495927383640083,6.4558974804741,2479,15.9977139566148,4.83234578450521,2.8125,2.81249999999994,2.81250000000007,0,0,0,1.90992228390391e-16,1,39.8722037
44,0,100044,200044,300044,10,10,0.00626355160555704,0.0198070893155648,1500.00000053975,19.999999854044,1449.70373535156,1548.97131347656,999.999999917216,14.9999996590148,952.486022949219,1037.84924316406,-0.0495927383640083,6.4558974804741,2479,15.9977139566148,4.83234578450521,2.8125,2.81249999999994,2.81250000000007,0,0,0,1.90992228390391e-16,1,39.8722037
44,0,100044,200044,300044,15,15,0.00352225391026708,0.0198070893155648,1500.00000053975,19.999999854044,1449.70373535156,1548.97131347656,999.999999917216,14.9999996590148,952.486022949219,1037.84924316406,-0.0495927383640083,6.4558974804741,2479,15.9977139566148,4.83234578450521,2.8125,2.81249999999994,2.81250000000007,0,0,0,1.90992228390391e-16,1,39.8722037
44,0,100044,200044,300044,20,20,0.00198070893155648,0.0198070893155648,1500.00000053975,19.999999854044,1449.70373535156,1548.97131347656,999.999999917216,14.9999996590148,952.486022949219,1037.84924316406,-0.0495927383640083,6.4558974804741,2479,15.9977139566148,4.83234578450521,2.8125,2.81249999999994,2.81250000000007,0,0,0,1.90992228390391e-16,1,39.8722037
44,0,100044,200044,300044,30,30,0.000626355160555704,0.0198070893155648,1500.00000053975,19.999999854044,1449.70373535156,1548.97131347656,999.999999917216,14.9999996590148,952.486022949219,1037.84924316406,-0.0495927383640083,6.4558974804741,2479,15.9977139566148,4.83234578450521,2.8125,2.81249999999994,2.81250000000007,0,0,0,1.90992228390391e-16,1,39.8722037
45,0,100045,200045,300045,5,5,0.0107879637985646,0.0191840138992327,1499.99999977152,20.0000002477451,1452.89331054688,1550.10009765625,1000.00000002318,14.9999999098337,968.471801757812,1037.33959960938,0.113114885860181,6.45119629056213,2481,15.9989668005941,4.84297770182292,2.8125,2.81249999999994,2.81250000000007,0,0,0,2.39924456202606e-16,1,40.7949469
45,0,100045,200045,300045,10,10,0.00606651785859032,0.0191840138992327,1499.99999977152,20.0000002477451,1452.89331054688,1550.10009765625,1000.00000002318,14.9999999098337,968.471801757812,1037.33959960938,0.113114885860181,6.45119629056213,2481,15.9989668005941,4.84297770182292,2.8125,2.81249999999994,2.81250000000007,0,0,0,2.39924456202606e-16,1,40.7949469
45,0,100045,200045,300045,15,15,0.0034114536918906,0.0191840138992327,1499.99999977152,20.0000002477451,1452.89331054688,1550.10009765625,1000.00000002318,14.9999999098337,968.471801757812,1037.33959960938,0.113114885860181,6.45119629056213,2481,15.9989668005941,4.84297770182292,2.8125,2.81249999999994,2.81250000000007,0,0,0,2.39924456202606e-16,1,40.7949469
45,0,100045,200045,300045,20,20,0.00191840138992327,0.0191840138992327,1499.99999977152,20.0000002477451,1452.89331054688,1550.10009765625,1000.00000002318,14.9999999098337,968.471801757812,1037.33959960938,0.113114885860181,6.45119629056213,2481,15.9989668005941,4.84297770182292,2.8125,2.81249999999994,2.81250000000007,0,0,0,2.39924456202606e-16,1,40.7949469
45,0,100045,200045,300045,30,30,0.000606651785859032,0.0191840138992327,1499.99999977152,20.0000002477451,1452.89331054688,1550.10009765625,1000.00000002318,14.9999999098337,968.471801757812,1037.33959960938,0.113114885860181,6.45119629056213,2481,15.9989668005941,4.84297770182292,2.8125,2.81249999999994,2.81250000000007,0,0,0,2.39924456202606e-16,1,40.7949469
46,0,100046,200046,300046,5,5,0.0110031243764485,0.0195666295247357,1500.00000010596,19.9999997672329,1444.84631347656,1544.94580078125,999.999999955297,15.0000000181127,959.361083984375,1038.50952148438,0.0186743934040397,6.47271897495899,2472,15.9940885871237,4.81615437825521,2.8125,2.81249999999994,2.81250000000007,0,0,0,1.70334338230896e-16,1,42.9177123
46,0,100046,200046,300046,10,10,0.00618751154308628,0.0195666295247357,1500.00000010596,19.9999997672329,1444.84631347656,1544.94580078125,999.999999955297,15.0000000181127,959.361083984375,1038.50952148438,0.0186743934040397,6.47271897495899,2472,15.9940885871237,4.81615437825521,2.8125,2.81249999999994,2.81250000000007,0,0,0,1.70334338230896e-16,1,42.9177123
46,0,100046,200046,300046,15,15,0.00347949344076972,0.0195666295247357,1500.00000010596,19.9999997672329,1444.84631347656,1544.94580078125,999.999999955297,15.0000000181127,959.361083984375,1038.50952148438,0.0186743934040397,6.47271897495899,2472,15.9940885871237,4.81615437825521,2.8125,2.81249999999994,2.81250000000007,0,0,0,1.70334338230896e-16,1,42.9177123
46,0,100046,200046,300046,20,20,0.00195666295247357,0.0195666295247357,1500.00000010596,19.9999997672329,1444.84631347656,1544.94580078125,999.999999955297,15.0000000181127,959.361083984375,1038.50952148438,0.0186743934040397,6.47271897495899,2472,15.9940885871237,4.81615437825521,2.8125,2.81249999999994,2.81250000000007,0,0,0,1.70334338230896e-16,1,42.9177123
46,0,100046,200046,300046,30,30,0.000618751154308628,0.0195666295247357,1500.00000010596,19.9999997672329,1444.84631347656,1544.94580078125,999.999999955297,15.0000000181127,959.361083984375,1038.50952148438,0.0186743934040397,6.47271897495899,2472,15.9940885871237,4.81615437825521,2.8125,2.81249999999994,2.81250000000007,0,0,0,1.70334338230896e-16,1,42.9177123
47,0,100047,200047,300047,5,5,0.0108673818915691,0.0193252414588071,1500.00000012583,20.0000001309413,1455.76672363281,1565.41748046875,1000.00000017219,15.0000000603009,959.202087402344,1036.85961914062,-0.39195468718183,6.38807227130592,2505,15.99573296735,4.85255574544271,2.8125,2.81249999999994,2.81250000000007,0,0,0,2.36294632845927e-16,1,32.7012501
47,0,100047,200047,300047,10,10,0.00611117793425454,0.0193252414588071,1500.00000012583,20.0000001309413,1455.76672363281,1565.41748046875,1000.00000017219,15.0000000603009,959.202087402344,1036.85961914062,-0.39195468718183,6.38807227130592,2505,15.99573296735,4.85255574544271,2.8125,2.81249999999994,2.81250000000007,0,0,0,2.36294632845927e-16,1,32.7012501
47,0,100047,200047,300047,15,15,0.00343656789802272,0.0193252414588071,1500.00000012583,20.0000001309413,1455.76672363281,1565.41748046875,1000.00000017219,15.0000000603009,959.202087402344,1036.85961914062,-0.39195468718183,6.38807227130592,2505,15.99573296735,4.85255574544271,2.8125,2.81249999999994,2.81250000000007,0,0,0,2.36294632845927e-16,1,32.7012501
47,0,100047,200047,300047,20,20,0.00193252414588071,0.0193252414588071,1500.00000012583,20.0000001309413,1455.76672363281,1565.41748046875,1000.00000017219,15.0000000603009,959.202087402344,1036.85961914062,-0.39195468718183,6.38807227130592,2505,15.99573296735,4.85255574544271,2.8125,2.81249999999994,2.81250000000007,0,0,0,2.36294632845927e-16,1,32.7012501
47,0,100047,200047,300047,30,30,0.000611117793425454,0.0193252414588071,1500.00000012583,20.0000001309413,1455.76672363281,1565.41748046875,1000.00000017219,15.0000000603009,959.202087402344,1036.85961914062,-0.39195468718183,6.38807227130592,2505,15.99573296735,4.85255574544271,2.8125,2.81249999999994,2.81250000000007,0,0,0,2.36294632845927e-16,1,32.7012501
48,0,100048,200048,300048,5,5,0.010757982974059,0.0191306996163184,1499.99999998344,19.9999999366067,1429.13269042969,1553.35778808594,1000.00000002318,15.0000001157327,962.837158203125,1044.08605957031,0.125698613080178,6.43766688955936,2486,15.997602220555,4.76377563476562,2.8125,2.81249999999994,2.81250000000007,0,0,0,3.60756523182257e-16,1,27.9182658
48,0,100048,200048,300048,10,10,0.00604965840200755,0.0191306996163184,1499.99999998344,19.9999999366067,1429.13269042969,1553.35778808594,1000.00000002318,15.0000001157327,962.837158203125,1044.08605957031,0.125698613080178,6.43766688955936,2486,15.997602220555,4.76377563476562,2.8125,2.81249999999994,2.81250000000007,0,0,0,3.60756523182257e-16,1,27.9182658
48,0,100048,200048,300048,15,15,0.00340197292273385,0.0191306996163184,1499.99999998344,19.9999999366067,1429.13269042969,1553.35778808594,1000.00000002318,15.0000001157327,962.837158203125,1044.08605957031,0.125698613080178,6.43766688955936,2486,15.997602220555,4.76377563476562,2.8125,2.81249999999994,2.81250000000007,0,0,0,3.60756523182257e-16,1,27.9182658
48,0,100048,200048,300048,20,20,0.00191306996163184,0.0191306996163184,1499.99999998344,19.9999999366067,1429.13269042969,1553.35778808594,1000.00000002318,15.0000001157327,962.837158203125,1044.08605957031,0.125698613080178,6.43766688955936,2486,15.997602220555,4.76377563476562,2.8125,2.81249999999994,2.81250000000007,0,0,0,3.60756523182257e-16,1,27.9182658
48,0,100048,200048,300048,30,30,0.000604965840200755,0.0191306996163184,1499.99999998344,19.9999999366067,1429.13269042969,1553.35778808594,1000.00000002318,15.0000001157327,962.837158203125,1044.08605957031,0.125698613080178,6.43766688955936,2486,15.997602220555,4.76377563476562,2.8125,2.81249999999994,2.81250000000007,0,0,0,3.60756523182257e-16,1,27.9182658
49,0,100049,200049,300049,5,5,0.0109104949055078,0.019401908443799,1500.00000004305,20.0000002939789,1441.95068359375,1537.7939453125,999.999999965231,14.9999999138473,967.673522949219,1041.89855957031,-0.359165419993177,6.50282180553642,2461,15.9969416416196,4.80650227864583,2.8125,2.81249999999994,2.81250000000007,0,0,0,1.54495616091871e-16,1,28.5613704
49,0,100049,200049,300049,10,10,0.00613542216364579,0.019401908443799,1500.00000004305,20.0000002939789,1441.95068359375,1537.7939453125,999.999999965231,14.9999999138473,967.673522949219,1041.89855957031,-0.359165419993177,6.50282180553642,2461,15.9969416416196,4.80650227864583,2.8125,2.81249999999994,2.81250000000007,0,0,0,1.54495616091871e-16,1,28.5613704
49,0,100049,200049,300049,15,15,0.00345020143010681,0.019401908443799,1500.00000004305,20.0000002939789,1441.95068359375,1537.7939453125,999.999999965231,14.9999999138473,967.673522949219,1041.89855957031,-0.359165419993177,6.50282180553642,2461,15.9969416416196,4.80650227864583,2.8125,2.81249999999994,2.81250000000007,0,0,0,1.54495616091871e-16,1,28.5613704
49,0,100049,200049,300049,20,20,0.0019401908443799,0.019401908443799,1500.00000004305,20.0000002939789,1441.95068359375,1537.7939453125,999.999999965231,14.9999999138473,967.673522949219,1041.89855957031,-0.359165419993177,6.50282180553642,2461,15.9969416416196,4.80650227864583,2.8125,2.81249999999994,2.81250000000007,0,0,0,1.54495616091871e-16,1,28.5613704
49,0,100049,200049,300049,30,30,0.000613542216364579,0.019401908443799,1500.00000004305,20.0000002939789,1441.95068359375,1537.7939453125,999.999999965231,14.9999999138473,967.673522949219,1041.89855957031,-0.359165419993177,6.50282180553642,2461,15.9969416416196,4.80650227864583,2.8125,2.81249999999994,2.81250000000007,0,0,0,1.54495616091871e-16,1,28.5613704
50,0,100050,200050,300050,5,5,0.0107365310554077,0.019092552111075,1499.99999983112,20.000000026018,1453.70043945312,1560.81604003906,1000.00000002649,15.0000000380293,956.954772949219,1030.45422363281,0.211661877877674,6.40690494169302,2498,15.9980416394075,4.84566813151042,2.8125,2.81249999999994,2.81250000000007,0,0,0,1.93093044528431e-16,1,30.2606701
50,0,100050,200050,300050,10,10,0.00603759510164532,0.019092552111075,1499.99999983112,20.000000026018,1453.70043945312,1560.81604003906,1000.00000002649,15.0000000380293,956.954772949219,1030.45422363281,0.211661877877674,6.40690494169302,2498,15.9980416394075,4.84566813151042,2.8125,2.81249999999994,2.81250000000007,0,0,0,1.93093044528431e-16,1,30.2606701
50,0,100050,200050,300050,15,15,0.00339518923042199,0.019092552111075,1499.99999983112,20.000000026018,1453.70043945312,1560.81604003906,1000.00000002649,15.0000000380293,956.954772949219,1030.45422363281,0.211661877877674,6.40690494169302,2498,15.9980416394075,4.84566813151042,2.8125,2.81249999999994,2.81250000000007,0,0,0,1.93093044528431e-16,1,30.2606701
50,0,100050,200050,300050,20,20,0.0019092552111075,0.019092552111075,1499.99999983112,20.000000026018,1453.70043945312,1560.81604003906,1000.00000002649,15.0000000380293,956.954772949219,1030.45422363281,0.211661877877674,6.40690494169302,2498,15.9980416394075,4.84566813151042,2.8125,2.81249999999994,2.81250000000007,0,0,0,1.93093044528431e-16,1,30.2606701
50,0,100050,200050,300050,30,30,0.000603759510164532,0.019092552111075,1499.99999983112,20.000000026018,1453.70043945312,1560.81604003906,1000.00000002649,15.0000000380293,956.954772949219,1030.45422363281,0.211661877877674,6.40690494169302,2498,15.9980416394075,4.84566813151042,2.8125,2.81249999999994,2.81250000000007,0,0,0,1.93093044528431e-16,1,30.2606701
